sample_id,step,t,Q_total,Q_total_dot,Q_total_drift
0,0,0.0,1.5366175228696055,0.0,0.0
0,1,0.02,1.5366175228696055,6.938893903907228e-18,0.0
0,2,0.04,1.5366175228696055,6.938893903907228e-18,0.0
0,3,0.06,1.5366175228696055,2.0816681711721685e-17,0.0
0,4,0.08,1.5366175228696055,2.0816681711721685e-17,0.0
0,5,0.1,1.5366175228696055,-1.3877787807814457e-17,0.0
0,6,0.12,1.5366175228696055,-6.938893903907228e-18,0.0
0,7,0.14,1.5366175228696055,6.938893903907228e-18,0.0
0,8,0.16,1.5366175228696055,-1.3877787807814457e-17,0.0
0,9,0.18,1.5366175228696055,6.938893903907228e-18,0.0
0,10,0.2,1.5366175228696055,2.7755575615628914e-17,0.0
0,11,0.22,1.5366175228696055,1.3877787807814457e-17,0.0
0,12,0.24,1.5366175228696055,2.7755575615628914e-17,0.0
0,13,0.26,1.5366175228696055,-6.938893903907228e-18,0.0
0,14,0.28,1.5366175228696055,-2.7755575615628914e-17,0.0
0,15,0.3,1.5366175228696055,-6.938893903907228e-18,0.0
0,16,0.32,1.5366175228696057,-6.938893903907228e-18,2.220446049250313e-16
0,17,0.34,1.5366175228696053,1.3877787807814457e-17,2.220446049250313e-16
0,18,0.36,1.5366175228696055,2.0816681711721685e-17,0.0
0,19,0.38,1.5366175228696055,1.3877787807814457e-17,0.0
0,20,0.4,1.5366175228696055,-2.0816681711721685e-17,0.0
0,21,0.42,1.5366175228696055,0.0,0.0
0,22,0.44,1.5366175228696055,0.0,0.0
0,23,0.46,1.5366175228696055,-2.7755575615628914e-17,0.0
0,24,0.48,1.5366175228696055,-1.3877787807814457e-17,0.0
0,25,0.5,1.5366175228696057,0.0,2.220446049250313e-16
0,26,0.52,1.5366175228696055,-1.3877787807814457e-17,0.0
0,27,0.54,1.5366175228696055,-6.938893903907228e-18,0.0
0,28,0.56,1.5366175228696055,-1.3877787807814457e-17,0.0
0,29,0.58,1.5366175228696055,-6.938893903907228e-18,0.0
0,30,0.6,1.5366175228696055,3.469446951953614e-17,0.0
0,31,0.62,1.5366175228696055,0.0,0.0
0,32,0.64,1.5366175228696055,-2.7755575615628914e-17,0.0
0,33,0.66,1.5366175228696055,-6.938893903907228e-18,0.0
0,34,0.68,1.5366175228696055,-1.3877787807814457e-17,0.0
0,35,0.7000000000000001,1.5366175228696055,-2.0816681711721685e-17,0.0
0,36,0.72,1.5366175228696055,0.0,0.0
0,37,0.74,1.5366175228696055,-1.3877787807814457e-17,0.0
0,38,0.76,1.5366175228696055,6.938893903907228e-18,0.0
0,39,0.78,1.5366175228696053,-2.0816681711721685e-17,2.220446049250313e-16
0,40,0.8,1.5366175228696055,-1.3877787807814457e-17,0.0
0,41,0.8200000000000001,1.5366175228696053,6.938893903907228e-18,2.220446049250313e-16
0,42,0.84,1.5366175228696057,0.0,2.220446049250313e-16
0,43,0.86,1.536617522869606,-2.7755575615628914e-17,4.440892098500626e-16
0,44,0.88,1.5366175228696055,0.0,0.0
0,45,0.9,1.5366175228696053,0.0,2.220446049250313e-16
0,46,0.92,1.536617522869606,-2.7755575615628914e-17,4.440892098500626e-16
0,47,0.9400000000000001,1.536617522869605,-4.163336342344337e-17,4.440892098500626e-16
0,48,0.96,1.5366175228696055,-1.3877787807814457e-17,0.0
0,49,0.98,1.536617522869606,2.7755575615628914e-17,4.440892098500626e-16
0,50,1.0,1.5366175228696055,2.7755575615628914e-17,0.0
0,51,1.02,1.5366175228696055,0.0,0.0
0,52,1.04,1.5366175228696055,-2.7755575615628914e-17,0.0
0,53,1.06,1.5366175228696055,-2.7755575615628914e-17,0.0
0,54,1.08,1.5366175228696055,-6.938893903907228e-18,0.0
0,55,1.1,1.5366175228696055,0.0,0.0
0,56,1.12,1.5366175228696053,1.3877787807814457e-17,2.220446049250313e-16
0,57,1.1400000000000001,1.5366175228696055,-2.0816681711721685e-17,0.0
0,58,1.16,1.5366175228696055,2.7755575615628914e-17,0.0
0,59,1.18,1.5366175228696057,-6.938893903907228e-18,2.220446049250313e-16
0,60,1.2,1.5366175228696055,1.3877787807814457e-17,0.0
0,61,1.22,1.5366175228696055,-1.3877787807814457e-17,0.0
0,62,1.24,1.5366175228696053,0.0,2.220446049250313e-16
0,63,1.26,1.5366175228696055,-6.938893903907228e-18,0.0
0,64,1.28,1.5366175228696055,0.0,0.0
0,65,1.3,1.5366175228696055,-6.938893903907228e-18,0.0
0,66,1.32,1.5366175228696055,3.469446951953614e-18,0.0
0,67,1.34,1.536617522869606,3.469446951953614e-18,4.440892098500626e-16
0,68,1.36,1.5366175228696057,1.0408340855860843e-17,2.220446049250313e-16
0,69,1.3800000000000001,1.5366175228696055,-1.734723475976807e-18,0.0
0,70,1.4000000000000001,1.5366175228696055,1.0408340855860843e-17,0.0
0,71,1.42,1.5366175228696053,-1.214306433183765e-17,2.220446049250313e-16
0,72,1.44,1.5366175228696055,1.734723475976807e-17,0.0
0,73,1.46,1.5366175228696053,-6.938893903907228e-18,2.220446049250313e-16
0,74,1.48,1.5366175228696055,-1.3877787807814457e-17,0.0
0,75,1.5,1.5366175228696057,1.734723475976807e-17,2.220446049250313e-16
0,76,1.52,1.5366175228696053,-6.938893903907228e-18,2.220446049250313e-16
0,77,1.54,1.5366175228696057,-6.938893903907228e-18,2.220446049250313e-16
0,78,1.56,1.5366175228696055,3.469446951953614e-18,0.0
0,79,1.58,1.5366175228696057,-4.85722573273506e-17,2.220446049250313e-16
1,0,0.0,1.4778346829570022,3.8163916471489756e-17,0.0
1,1,0.02,1.4778346829570022,-1.0408340855860843e-17,0.0
1,2,0.04,1.4778346829570022,-3.122502256758253e-17,0.0
1,3,0.06,1.4778346829570022,6.938893903907228e-18,0.0
1,4,0.08,1.4778346829570022,6.938893903907228e-18,0.0
1,5,0.1,1.4778346829570022,3.469446951953614e-17,0.0
1,6,0.12,1.477834682957002,-2.0816681711721685e-17,2.220446049250313e-16
1,7,0.14,1.4778346829570022,4.163336342344337e-17,0.0
1,8,0.16,1.4778346829570022,-2.7755575615628914e-17,0.0
1,9,0.18,1.4778346829570022,-2.0816681711721685e-17,0.0
1,10,0.2,1.4778346829570022,1.3877787807814457e-17,0.0
1,11,0.22,1.4778346829570022,-1.3877787807814457e-17,0.0
1,12,0.24,1.4778346829570022,-1.3877787807814457e-17,0.0
1,13,0.26,1.4778346829570022,-1.3877787807814457e-17,0.0
1,14,0.28,1.4778346829570022,2.0816681711721685e-17,0.0
1,15,0.3,1.4778346829570022,-1.3877787807814457e-17,0.0
1,16,0.32,1.4778346829570022,-3.469446951953614e-17,0.0
1,17,0.34,1.4778346829570022,-1.3877787807814457e-17,0.0
1,18,0.36,1.4778346829570022,-1.3877787807814457e-17,0.0
1,19,0.38,1.4778346829570022,1.3877787807814457e-17,0.0
1,20,0.4,1.4778346829570022,1.3877787807814457e-17,0.0
1,21,0.42,1.4778346829570022,-2.7755575615628914e-17,0.0
1,22,0.44,1.4778346829570022,2.7755575615628914e-17,0.0
1,23,0.46,1.4778346829570022,-3.469446951953614e-17,0.0
1,24,0.48,1.4778346829570022,-3.469446951953614e-17,0.0
1,25,0.5,1.4778346829570022,-6.938893903907228e-17,0.0
1,26,0.52,1.4778346829570024,0.0,2.220446049250313e-16
1,27,0.54,1.4778346829570022,1.3877787807814457e-17,0.0
1,28,0.56,1.4778346829570022,-1.3877787807814457e-17,0.0
1,29,0.58,1.4778346829570022,-2.0816681711721685e-17,0.0
1,30,0.6,1.4778346829570022,-6.938893903907228e-18,0.0
1,31,0.62,1.477834682957002,1.3877787807814457e-17,2.220446049250313e-16
1,32,0.64,1.4778346829570022,0.0,0.0
1,33,0.66,1.4778346829570022,0.0,0.0
1,34,0.68,1.4778346829570022,1.3877787807814457e-17,0.0
1,35,0.7000000000000001,1.4778346829570022,-2.0816681711721685e-17,0.0
1,36,0.72,1.4778346829570022,-5.551115123125783e-17,0.0
1,37,0.74,1.4778346829570022,-1.3877787807814457e-17,0.0
1,38,0.76,1.4778346829570022,-2.7755575615628914e-17,0.0
1,39,0.78,1.4778346829570022,-2.7755575615628914e-17,0.0
1,40,0.8,1.4778346829570022,-2.7755575615628914e-17,0.0
1,41,0.8200000000000001,1.4778346829570022,6.938893903907228e-18,0.0
1,42,0.84,1.4778346829570022,-2.7755575615628914e-17,0.0
1,43,0.86,1.477834682957002,-2.7755575615628914e-17,2.220446049250313e-16
1,44,0.88,1.4778346829570022,4.163336342344337e-17,0.0
1,45,0.9,1.4778346829570024,2.7755575615628914e-17,2.220446049250313e-16
1,46,0.92,1.4778346829570024,-6.938893903907228e-18,2.220446049250313e-16
1,47,0.9400000000000001,1.4778346829570022,-1.3877787807814457e-17,0.0
1,48,0.96,1.4778346829570022,-2.7755575615628914e-17,0.0
1,49,0.98,1.4778346829570022,-3.469446951953614e-17,0.0
1,50,1.0,1.4778346829570022,-5.551115123125783e-17,0.0
1,51,1.02,1.477834682957002,0.0,2.220446049250313e-16
1,52,1.04,1.477834682957002,-6.938893903907228e-18,2.220446049250313e-16
1,53,1.06,1.4778346829570022,-3.469446951953614e-17,0.0
1,54,1.08,1.477834682957002,1.3877787807814457e-17,2.220446049250313e-16
1,55,1.1,1.4778346829570022,2.7755575615628914e-17,0.0
1,56,1.12,1.4778346829570024,1.3877787807814457e-17,2.220446049250313e-16
1,57,1.1400000000000001,1.4778346829570022,0.0,0.0
1,58,1.16,1.4778346829570022,3.469446951953614e-18,0.0
1,59,1.18,1.4778346829570022,3.122502256758253e-17,0.0
1,60,1.2,1.4778346829570022,-4.5102810375396984e-17,0.0
1,61,1.22,1.4778346829570022,0.0,0.0
1,62,1.24,1.4778346829570022,0.0,0.0
1,63,1.26,1.4778346829570022,2.0816681711721685e-17,0.0
1,64,1.28,1.477834682957002,-2.0816681711721685e-17,2.220446049250313e-16
1,65,1.3,1.4778346829570022,-6.938893903907228e-18,0.0
1,66,1.32,1.4778346829570022,-5.551115123125783e-17,0.0
1,67,1.34,1.4778346829570022,1.0408340855860843e-17,0.0
1,68,1.36,1.4778346829570022,-1.734723475976807e-17,0.0
1,69,1.3800000000000001,1.4778346829570022,-2.7755575615628914e-17,0.0
1,70,1.4000000000000001,1.4778346829570022,3.469446951953614e-18,0.0
1,71,1.42,1.4778346829570024,-1.3877787807814457e-17,2.220446049250313e-16
1,72,1.44,1.4778346829570022,-2.0816681711721685e-17,0.0
1,73,1.46,1.477834682957002,1.3877787807814457e-17,2.220446049250313e-16
1,74,1.48,1.4778346829570024,-1.0408340855860843e-17,2.220446049250313e-16
1,75,1.5,1.4778346829570022,-2.0816681711721685e-17,0.0
1,76,1.52,1.4778346829570024,-3.8163916471489756e-17,2.220446049250313e-16
1,77,1.54,1.4778346829570022,1.3877787807814457e-17,0.0
1,78,1.56,1.4778346829570022,-2.7755575615628914e-17,0.0
1,79,1.58,1.4778346829570022,2.0816681711721685e-17,0.0
2,0,0.0,1.5346833406258837,2.7755575615628914e-17,0.0
2,1,0.02,1.5346833406258842,4.163336342344337e-17,4.440892098500626e-16
2,2,0.04,1.5346833406258837,-1.3877787807814457e-17,0.0
2,3,0.06,1.5346833406258837,0.0,0.0
2,4,0.08,1.5346833406258837,-3.469446951953614e-17,0.0
2,5,0.1,1.534683340625884,6.938893903907228e-18,2.220446049250313e-16
2,6,0.12,1.534683340625884,-3.469446951953614e-17,2.220446049250313e-16
2,7,0.14,1.534683340625884,1.3877787807814457e-17,2.220446049250313e-16
2,8,0.16,1.5346833406258835,1.3877787807814457e-17,2.220446049250313e-16
2,9,0.18,1.534683340625884,0.0,2.220446049250313e-16
2,10,0.2,1.5346833406258842,4.163336342344337e-17,4.440892098500626e-16
2,11,0.22,1.534683340625884,2.7755575615628914e-17,2.220446049250313e-16
2,12,0.24,1.5346833406258837,0.0,0.0
2,13,0.26,1.5346833406258842,4.163336342344337e-17,4.440892098500626e-16
2,14,0.28,1.534683340625884,6.938893903907228e-18,2.220446049250313e-16
2,15,0.3,1.534683340625884,-2.7755575615628914e-17,2.220446049250313e-16
2,16,0.32,1.534683340625884,2.0816681711721685e-17,2.220446049250313e-16
2,17,0.34,1.534683340625884,-2.7755575615628914e-17,2.220446049250313e-16
2,18,0.36,1.534683340625884,4.163336342344337e-17,2.220446049250313e-16
2,19,0.38,1.534683340625884,2.7755575615628914e-17,2.220446049250313e-16
2,20,0.4,1.534683340625884,0.0,2.220446049250313e-16
2,21,0.42,1.534683340625884,-3.469446951953614e-17,2.220446049250313e-16
2,22,0.44,1.5346833406258842,-5.551115123125783e-17,4.440892098500626e-16
2,23,0.46,1.5346833406258842,0.0,4.440892098500626e-16
2,24,0.48,1.534683340625884,1.3877787807814457e-17,2.220446049250313e-16
2,25,0.5,1.534683340625884,0.0,2.220446049250313e-16
2,26,0.52,1.534683340625884,-2.0816681711721685e-17,2.220446049250313e-16
2,27,0.54,1.534683340625884,-1.3877787807814457e-17,2.220446049250313e-16
2,28,0.56,1.534683340625884,-2.7755575615628914e-17,2.220446049250313e-16
2,29,0.58,1.5346833406258837,-2.0816681711721685e-17,0.0
2,30,0.6,1.534683340625884,2.0816681711721685e-17,2.220446049250313e-16
2,31,0.62,1.534683340625884,2.0816681711721685e-17,2.220446049250313e-16
2,32,0.64,1.534683340625884,4.163336342344337e-17,2.220446049250313e-16
2,33,0.66,1.5346833406258842,0.0,4.440892098500626e-16
2,34,0.68,1.534683340625884,0.0,2.220446049250313e-16
2,35,0.7000000000000001,1.534683340625884,1.3877787807814457e-17,2.220446049250313e-16
2,36,0.72,1.5346833406258837,-1.3877787807814457e-17,0.0
2,37,0.74,1.5346833406258842,2.7755575615628914e-17,4.440892098500626e-16
2,38,0.76,1.5346833406258842,0.0,4.440892098500626e-16
2,39,0.78,1.5346833406258842,-5.551115123125783e-17,4.440892098500626e-16
2,40,0.8,1.534683340625884,5.551115123125783e-17,2.220446049250313e-16
2,41,0.8200000000000001,1.5346833406258842,2.7755575615628914e-17,4.440892098500626e-16
2,42,0.84,1.5346833406258842,-4.163336342344337e-17,4.440892098500626e-16
2,43,0.86,1.5346833406258842,-1.3877787807814457e-17,4.440892098500626e-16
2,44,0.88,1.5346833406258842,-4.163336342344337e-17,4.440892098500626e-16
2,45,0.9,1.5346833406258842,-6.938893903907228e-17,4.440892098500626e-16
2,46,0.92,1.5346833406258842,0.0,4.440892098500626e-16
2,47,0.9400000000000001,1.534683340625884,0.0,2.220446049250313e-16
2,48,0.96,1.534683340625884,-2.7755575615628914e-17,2.220446049250313e-16
2,49,0.98,1.534683340625884,2.7755575615628914e-17,2.220446049250313e-16
2,50,1.0,1.534683340625884,1.3877787807814457e-17,2.220446049250313e-16
2,51,1.02,1.5346833406258837,-6.938893903907228e-17,0.0
2,52,1.04,1.534683340625884,0.0,2.220446049250313e-16
2,53,1.06,1.5346833406258842,0.0,4.440892098500626e-16
2,54,1.08,1.534683340625884,-5.551115123125783e-17,2.220446049250313e-16
2,55,1.1,1.5346833406258837,-5.551115123125783e-17,0.0
2,56,1.12,1.534683340625884,-1.3877787807814457e-17,2.220446049250313e-16
2,57,1.1400000000000001,1.5346833406258837,-1.3877787807814457e-17,0.0
2,58,1.16,1.5346833406258837,1.3877787807814457e-17,0.0
2,59,1.18,1.5346833406258837,-2.7755575615628914e-17,0.0
2,60,1.2,1.5346833406258837,-4.163336342344337e-17,0.0
2,61,1.22,1.5346833406258837,-2.7755575615628914e-17,0.0
2,62,1.24,1.5346833406258837,2.7755575615628914e-17,0.0
2,63,1.26,1.5346833406258837,5.551115123125783e-17,0.0
2,64,1.28,1.5346833406258837,2.7755575615628914e-17,0.0
2,65,1.3,1.5346833406258837,-1.3877787807814457e-17,0.0
2,66,1.32,1.5346833406258837,1.3877787807814457e-17,0.0
2,67,1.34,1.5346833406258837,5.551115123125783e-17,0.0
2,68,1.36,1.5346833406258837,1.3877787807814457e-17,0.0
2,69,1.3800000000000001,1.5346833406258837,0.0,0.0
2,70,1.4000000000000001,1.5346833406258837,1.3877787807814457e-17,0.0
2,71,1.42,1.5346833406258837,2.7755575615628914e-17,0.0
2,72,1.44,1.5346833406258837,6.938893903907228e-17,0.0
2,73,1.46,1.534683340625884,1.3877787807814457e-17,2.220446049250313e-16
2,74,1.48,1.5346833406258842,1.3877787807814457e-17,4.440892098500626e-16
2,75,1.5,1.534683340625884,1.3877787807814457e-17,2.220446049250313e-16
2,76,1.52,1.5346833406258842,1.3877787807814457e-17,4.440892098500626e-16
2,77,1.54,1.5346833406258837,-1.3877787807814457e-17,0.0
2,78,1.56,1.5346833406258837,-4.163336342344337e-17,0.0
2,79,1.58,1.534683340625884,1.3877787807814457e-17,2.220446049250313e-16
3,0,0.0,1.4015109271942467,6.938893903907228e-18,0.0
3,1,0.02,1.4015109271942467,6.938893903907228e-18,0.0
3,2,0.04,1.4015109271942463,-2.0816681711721685e-17,4.440892098500626e-16
3,3,0.06,1.4015109271942467,-1.3877787807814457e-17,0.0
3,4,0.08,1.4015109271942463,1.3877787807814457e-17,4.440892098500626e-16
3,5,0.1,1.4015109271942465,2.7755575615628914e-17,2.220446049250313e-16
3,6,0.12,1.4015109271942467,2.0816681711721685e-17,0.0
3,7,0.14,1.4015109271942467,-2.7755575615628914e-17,0.0
3,8,0.16,1.4015109271942467,6.938893903907228e-18,0.0
3,9,0.18,1.4015109271942463,0.0,4.440892098500626e-16
3,10,0.2,1.4015109271942467,0.0,0.0
3,11,0.22,1.4015109271942467,-2.7755575615628914e-17,0.0
3,12,0.24,1.4015109271942467,-2.7755575615628914e-17,0.0
3,13,0.26,1.4015109271942467,0.0,0.0
3,14,0.28,1.4015109271942465,-1.3877787807814457e-17,2.220446049250313e-16
3,15,0.3,1.4015109271942467,-1.3877787807814457e-17,0.0
3,16,0.32,1.4015109271942465,-1.3877787807814457e-17,2.220446049250313e-16
3,17,0.34,1.4015109271942463,-1.3877787807814457e-17,4.440892098500626e-16
3,18,0.36,1.4015109271942465,1.3877787807814457e-17,2.220446049250313e-16
3,19,0.38,1.4015109271942467,4.163336342344337e-17,0.0
3,20,0.4,1.4015109271942467,-4.163336342344337e-17,0.0
3,21,0.42,1.4015109271942467,0.0,0.0
3,22,0.44,1.4015109271942465,0.0,2.220446049250313e-16
3,23,0.46,1.4015109271942467,-4.163336342344337e-17,0.0
3,24,0.48,1.4015109271942465,-2.7755575615628914e-17,2.220446049250313e-16
3,25,0.5,1.4015109271942465,-2.7755575615628914e-17,2.220446049250313e-16
3,26,0.52,1.4015109271942465,4.163336342344337e-17,2.220446049250313e-16
3,27,0.54,1.4015109271942465,-1.3877787807814457e-17,2.220446049250313e-16
3,28,0.56,1.4015109271942463,2.7755575615628914e-17,4.440892098500626e-16
3,29,0.58,1.4015109271942467,1.3877787807814457e-17,0.0
3,30,0.6,1.4015109271942467,2.7755575615628914e-17,0.0
3,31,0.62,1.4015109271942465,5.551115123125783e-17,2.220446049250313e-16
3,32,0.64,1.4015109271942467,2.7755575615628914e-17,0.0
3,33,0.66,1.4015109271942465,-1.3877787807814457e-17,2.220446049250313e-16
3,34,0.68,1.4015109271942467,5.551115123125783e-17,0.0
3,35,0.7000000000000001,1.4015109271942467,1.3877787807814457e-17,0.0
3,36,0.72,1.4015109271942467,2.7755575615628914e-17,0.0
3,37,0.74,1.4015109271942467,-1.3877787807814457e-17,0.0
3,38,0.76,1.4015109271942467,1.3877787807814457e-17,0.0
3,39,0.78,1.4015109271942467,-4.163336342344337e-17,0.0
3,40,0.8,1.4015109271942467,-1.3877787807814457e-17,0.0
3,41,0.8200000000000001,1.4015109271942467,-2.7755575615628914e-17,0.0
3,42,0.84,1.4015109271942467,2.7755575615628914e-17,0.0
3,43,0.86,1.4015109271942467,-1.3877787807814457e-17,0.0
3,44,0.88,1.4015109271942467,2.7755575615628914e-17,0.0
3,45,0.9,1.4015109271942463,-8.326672684688674e-17,4.440892098500626e-16
3,46,0.92,1.4015109271942467,0.0,0.0
3,47,0.9400000000000001,1.4015109271942463,-1.3877787807814457e-17,4.440892098500626e-16
3,48,0.96,1.4015109271942463,0.0,4.440892098500626e-16
3,49,0.98,1.4015109271942465,-8.326672684688674e-17,2.220446049250313e-16
3,50,1.0,1.401510927194247,-2.7755575615628914e-17,2.220446049250313e-16
3,51,1.02,1.4015109271942463,-2.7755575615628914e-17,4.440892098500626e-16
3,52,1.04,1.4015109271942467,1.3877787807814457e-17,0.0
3,53,1.06,1.4015109271942467,0.0,0.0
3,54,1.08,1.4015109271942467,-2.7755575615628914e-17,0.0
3,55,1.1,1.4015109271942467,1.3877787807814457e-17,0.0
3,56,1.12,1.4015109271942467,-2.7755575615628914e-17,0.0
3,57,1.1400000000000001,1.4015109271942463,2.7755575615628914e-17,4.440892098500626e-16
3,58,1.16,1.4015109271942467,2.0816681711721685e-17,0.0
3,59,1.18,1.4015109271942467,0.0,0.0
3,60,1.2,1.4015109271942463,-6.938893903907228e-18,4.440892098500626e-16
3,61,1.22,1.4015109271942467,0.0,0.0
3,62,1.24,1.4015109271942467,2.7755575615628914e-17,0.0
3,63,1.26,1.4015109271942467,-6.938893903907228e-18,0.0
3,64,1.28,1.4015109271942465,6.938893903907228e-18,2.220446049250313e-16
3,65,1.3,1.4015109271942467,-1.3877787807814457e-17,0.0
3,66,1.32,1.4015109271942465,1.3877787807814457e-17,2.220446049250313e-16
3,67,1.34,1.4015109271942467,-2.7755575615628914e-17,0.0
3,68,1.36,1.401510927194247,-1.3877787807814457e-17,2.220446049250313e-16
3,69,1.3800000000000001,1.4015109271942463,1.3877787807814457e-17,4.440892098500626e-16
3,70,1.4000000000000001,1.4015109271942467,-2.42861286636753e-17,0.0
3,71,1.42,1.4015109271942463,0.0,4.440892098500626e-16
3,72,1.44,1.4015109271942467,-2.0816681711721685e-17,0.0
3,73,1.46,1.401510927194247,-6.938893903907228e-18,2.220446049250313e-16
3,74,1.48,1.4015109271942463,2.0816681711721685e-17,4.440892098500626e-16
3,75,1.5,1.4015109271942467,-1.6479873021779667e-17,0.0
3,76,1.52,1.4015109271942463,-2.949029909160572e-17,4.440892098500626e-16
3,77,1.54,1.4015109271942465,-1.3877787807814457e-17,2.220446049250313e-16
3,78,1.56,1.4015109271942467,-1.5612511283791264e-17,0.0
3,79,1.58,1.4015109271942467,-3.8163916471489756e-17,0.0
4,0,0.0,1.3962043202245975,-5.204170427930421e-17,0.0
4,1,0.02,1.3962043202245977,1.734723475976807e-17,2.220446049250313e-16
4,2,0.04,1.396204320224598,-2.7755575615628914e-17,4.440892098500626e-16
4,3,0.06,1.3962043202245975,0.0,0.0
4,4,0.08,1.3962043202245977,6.938893903907228e-18,2.220446049250313e-16
4,5,0.1,1.3962043202245977,-1.0408340855860843e-17,2.220446049250313e-16
4,6,0.12,1.3962043202245977,1.0408340855860843e-17,2.220446049250313e-16
4,7,0.14,1.3962043202245977,4.163336342344337e-17,2.220446049250313e-16
4,8,0.16,1.3962043202245977,3.469446951953614e-18,2.220446049250313e-16
4,9,0.18,1.396204320224598,7.632783294297951e-17,4.440892098500626e-16
4,10,0.2,1.3962043202245977,3.469446951953614e-18,2.220446049250313e-16
4,11,0.22,1.396204320224598,-1.3877787807814457e-17,4.440892098500626e-16
4,12,0.24,1.3962043202245977,3.8163916471489756e-17,2.220446049250313e-16
4,13,0.26,1.396204320224598,1.734723475976807e-17,4.440892098500626e-16
4,14,0.28,1.3962043202245977,-2.42861286636753e-17,2.220446049250313e-16
4,15,0.3,1.396204320224598,2.7755575615628914e-17,4.440892098500626e-16
4,16,0.32,1.3962043202245977,-6.938893903907228e-18,2.220446049250313e-16
4,17,0.34,1.3962043202245975,1.734723475976807e-17,0.0
4,18,0.36,1.396204320224598,1.0408340855860843e-17,4.440892098500626e-16
4,19,0.38,1.3962043202245975,-5.551115123125783e-17,0.0
4,20,0.4,1.3962043202245975,-2.0816681711721685e-17,0.0
4,21,0.42,1.3962043202245977,-5.551115123125783e-17,2.220446049250313e-16
4,22,0.44,1.396204320224598,0.0,4.440892098500626e-16
4,23,0.46,1.3962043202245975,-2.0816681711721685e-17,0.0
4,24,0.48,1.3962043202245977,-1.3877787807814457e-17,2.220446049250313e-16
4,25,0.5,1.3962043202245977,6.938893903907228e-18,2.220446049250313e-16
4,26,0.52,1.3962043202245975,1.3877787807814457e-17,0.0
4,27,0.54,1.3962043202245977,1.3877787807814457e-17,2.220446049250313e-16
4,28,0.56,1.3962043202245973,-4.163336342344337e-17,2.220446049250313e-16
4,29,0.58,1.396204320224598,2.7755575615628914e-17,4.440892098500626e-16
4,30,0.6,1.3962043202245977,-1.3877787807814457e-17,2.220446049250313e-16
4,31,0.62,1.3962043202245977,1.3877787807814457e-17,2.220446049250313e-16
4,32,0.64,1.396204320224598,2.7755575615628914e-17,4.440892098500626e-16
4,33,0.66,1.3962043202245975,0.0,0.0
4,34,0.68,1.3962043202245975,1.3877787807814457e-17,0.0
4,35,0.7000000000000001,1.3962043202245975,1.3877787807814457e-17,0.0
4,36,0.72,1.3962043202245975,1.3877787807814457e-17,0.0
4,37,0.74,1.3962043202245975,0.0,0.0
4,38,0.76,1.3962043202245975,-1.3877787807814457e-17,0.0
4,39,0.78,1.396204320224598,0.0,4.440892098500626e-16
4,40,0.8,1.396204320224598,1.3877787807814457e-17,4.440892098500626e-16
4,41,0.8200000000000001,1.396204320224598,0.0,4.440892098500626e-16
4,42,0.84,1.396204320224598,-1.3877787807814457e-17,4.440892098500626e-16
4,43,0.86,1.396204320224598,0.0,4.440892098500626e-16
4,44,0.88,1.396204320224598,0.0,4.440892098500626e-16
4,45,0.9,1.3962043202245977,0.0,2.220446049250313e-16
4,46,0.92,1.396204320224598,2.7755575615628914e-17,4.440892098500626e-16
4,47,0.9400000000000001,1.3962043202245975,1.3877787807814457e-17,0.0
4,48,0.96,1.3962043202245977,-4.163336342344337e-17,2.220446049250313e-16
4,49,0.98,1.3962043202245977,0.0,2.220446049250313e-16
4,50,1.0,1.3962043202245975,-2.7755575615628914e-17,0.0
4,51,1.02,1.3962043202245975,2.7755575615628914e-17,0.0
4,52,1.04,1.396204320224598,-2.7755575615628914e-17,4.440892098500626e-16
4,53,1.06,1.3962043202245975,0.0,0.0
4,54,1.08,1.3962043202245975,-2.7755575615628914e-17,0.0
4,55,1.1,1.3962043202245977,0.0,2.220446049250313e-16
4,56,1.12,1.3962043202245977,-2.7755575615628914e-17,2.220446049250313e-16
4,57,1.1400000000000001,1.3962043202245977,-2.7755575615628914e-17,2.220446049250313e-16
4,58,1.16,1.3962043202245977,2.7755575615628914e-17,2.220446049250313e-16
4,59,1.18,1.3962043202245977,0.0,2.220446049250313e-16
4,60,1.2,1.3962043202245977,-5.551115123125783e-17,2.220446049250313e-16
4,61,1.22,1.396204320224598,2.7755575615628914e-17,4.440892098500626e-16
4,62,1.24,1.396204320224598,2.7755575615628914e-17,4.440892098500626e-16
4,63,1.26,1.396204320224598,0.0,4.440892098500626e-16
4,64,1.28,1.396204320224598,0.0,4.440892098500626e-16
4,65,1.3,1.396204320224598,-2.7755575615628914e-17,4.440892098500626e-16
4,66,1.32,1.3962043202245975,0.0,0.0
4,67,1.34,1.3962043202245977,2.7755575615628914e-17,2.220446049250313e-16
4,68,1.36,1.396204320224598,-2.7755575615628914e-17,4.440892098500626e-16
4,69,1.3800000000000001,1.3962043202245975,5.551115123125783e-17,0.0
4,70,1.4000000000000001,1.3962043202245975,2.7755575615628914e-17,0.0
4,71,1.42,1.3962043202245975,2.7755575615628914e-17,0.0
4,72,1.44,1.3962043202245975,-5.551115123125783e-17,0.0
4,73,1.46,1.3962043202245975,2.7755575615628914e-17,0.0
4,74,1.48,1.3962043202245977,2.7755575615628914e-17,2.220446049250313e-16
4,75,1.5,1.396204320224598,-1.3877787807814457e-17,4.440892098500626e-16
4,76,1.52,1.3962043202245975,6.938893903907228e-17,0.0
4,77,1.54,1.396204320224598,-4.163336342344337e-17,4.440892098500626e-16
4,78,1.56,1.3962043202245975,-4.163336342344337e-17,0.0
4,79,1.58,1.3962043202245977,0.0,2.220446049250313e-16
5,0,0.0,1.6526363019276498,-1.0408340855860843e-17,0.0
5,1,0.02,1.6526363019276498,1.0408340855860843e-17,0.0
5,2,0.04,1.65263630192765,-1.0408340855860843e-17,2.220446049250313e-16
5,3,0.06,1.6526363019276495,2.0816681711721685e-17,2.220446049250313e-16
5,4,0.08,1.6526363019276493,0.0,4.440892098500626e-16
5,5,0.1,1.65263630192765,-6.245004513516506e-17,2.220446049250313e-16
5,6,0.12,1.6526363019276498,-5.204170427930421e-17,0.0
5,7,0.14,1.6526363019276498,2.0816681711721685e-17,0.0
5,8,0.16,1.6526363019276498,-2.7755575615628914e-17,0.0
5,9,0.18,1.6526363019276498,2.7755575615628914e-17,0.0
5,10,0.2,1.6526363019276498,-1.3877787807814457e-17,0.0
5,11,0.22,1.6526363019276498,-4.163336342344337e-17,0.0
5,12,0.24,1.6526363019276498,-1.3877787807814457e-17,0.0
5,13,0.26,1.6526363019276498,4.163336342344337e-17,0.0
5,14,0.28,1.6526363019276498,-4.163336342344337e-17,0.0
5,15,0.3,1.6526363019276498,2.7755575615628914e-17,0.0
5,16,0.32,1.6526363019276498,0.0,0.0
5,17,0.34,1.6526363019276498,0.0,0.0
5,18,0.36,1.6526363019276498,-4.163336342344337e-17,0.0
5,19,0.38,1.6526363019276498,-1.3877787807814457e-17,0.0
5,20,0.4,1.6526363019276498,-5.551115123125783e-17,0.0
5,21,0.42,1.6526363019276495,4.163336342344337e-17,2.220446049250313e-16
5,22,0.44,1.6526363019276498,0.0,0.0
5,23,0.46,1.6526363019276498,0.0,0.0
5,24,0.48,1.6526363019276502,-5.551115123125783e-17,4.440892098500626e-16
5,25,0.5,1.6526363019276495,-2.7755575615628914e-17,2.220446049250313e-16
5,26,0.52,1.6526363019276502,0.0,4.440892098500626e-16
5,27,0.54,1.6526363019276498,-5.551115123125783e-17,0.0
5,28,0.56,1.6526363019276498,0.0,0.0
5,29,0.58,1.6526363019276498,0.0,0.0
5,30,0.6,1.6526363019276498,-2.7755575615628914e-17,0.0
5,31,0.62,1.6526363019276498,2.7755575615628914e-17,0.0
5,32,0.64,1.6526363019276498,0.0,0.0
5,33,0.66,1.6526363019276498,-2.7755575615628914e-17,0.0
5,34,0.68,1.6526363019276502,-5.551115123125783e-17,4.440892098500626e-16
5,35,0.7000000000000001,1.6526363019276498,5.551115123125783e-17,0.0
5,36,0.72,1.6526363019276498,2.7755575615628914e-17,0.0
5,37,0.74,1.6526363019276498,-2.7755575615628914e-17,0.0
5,38,0.76,1.6526363019276498,2.7755575615628914e-17,0.0
5,39,0.78,1.6526363019276498,-2.7755575615628914e-17,0.0
5,40,0.8,1.6526363019276498,8.326672684688674e-17,0.0
5,41,0.8200000000000001,1.6526363019276498,-1.1102230246251565e-16,0.0
5,42,0.84,1.6526363019276498,-5.551115123125783e-17,0.0
5,43,0.86,1.6526363019276502,0.0,4.440892098500626e-16
5,44,0.88,1.6526363019276498,2.7755575615628914e-17,0.0
5,45,0.9,1.6526363019276498,0.0,0.0
5,46,0.92,1.6526363019276498,2.7755575615628914e-17,0.0
5,47,0.9400000000000001,1.6526363019276498,0.0,0.0
5,48,0.96,1.6526363019276498,-5.551115123125783e-17,0.0
5,49,0.98,1.6526363019276498,0.0,0.0
5,50,1.0,1.6526363019276498,2.7755575615628914e-17,0.0
5,51,1.02,1.6526363019276498,2.7755575615628914e-17,0.0
5,52,1.04,1.6526363019276498,-2.7755575615628914e-17,0.0
5,53,1.06,1.6526363019276498,-2.7755575615628914e-17,0.0
5,54,1.08,1.6526363019276498,2.7755575615628914e-17,0.0
5,55,1.1,1.6526363019276498,5.551115123125783e-17,0.0
5,56,1.12,1.6526363019276498,0.0,0.0
5,57,1.1400000000000001,1.6526363019276498,0.0,0.0
5,58,1.16,1.6526363019276498,-5.551115123125783e-17,0.0
5,59,1.18,1.6526363019276498,2.7755575615628914e-17,0.0
5,60,1.2,1.6526363019276498,-1.3877787807814457e-17,0.0
5,61,1.22,1.65263630192765,1.3877787807814457e-17,2.220446049250313e-16
5,62,1.24,1.6526363019276498,-8.326672684688674e-17,0.0
5,63,1.26,1.6526363019276498,2.7755575615628914e-17,0.0
5,64,1.28,1.6526363019276498,-2.7755575615628914e-17,0.0
5,65,1.3,1.6526363019276498,-5.551115123125783e-17,0.0
5,66,1.32,1.6526363019276498,2.7755575615628914e-17,0.0
5,67,1.34,1.65263630192765,-4.163336342344337e-17,2.220446049250313e-16
5,68,1.36,1.6526363019276498,1.3877787807814457e-17,0.0
5,69,1.3800000000000001,1.65263630192765,2.0816681711721685e-17,2.220446049250313e-16
5,70,1.4000000000000001,1.6526363019276498,0.0,0.0
5,71,1.42,1.6526363019276498,-2.7755575615628914e-17,0.0
5,72,1.44,1.6526363019276498,-2.7755575615628914e-17,0.0
5,73,1.46,1.6526363019276498,-3.469446951953614e-18,0.0
5,74,1.48,1.6526363019276498,-1.0408340855860843e-17,0.0
5,75,1.5,1.6526363019276498,2.42861286636753e-17,0.0
5,76,1.52,1.6526363019276498,-4.5102810375396984e-17,0.0
5,77,1.54,1.6526363019276498,4.85722573273506e-17,0.0
5,78,1.56,1.6526363019276498,-3.122502256758253e-17,0.0
5,79,1.58,1.6526363019276498,-2.7755575615628914e-17,0.0
6,0,0.0,1.3577312239508639,2.7755575615628914e-17,0.0
6,1,0.02,1.3577312239508634,4.163336342344337e-17,4.440892098500626e-16
6,2,0.04,1.3577312239508637,1.3877787807814457e-17,2.220446049250313e-16
6,3,0.06,1.3577312239508639,-2.7755575615628914e-17,0.0
6,4,0.08,1.3577312239508634,-2.7755575615628914e-17,4.440892098500626e-16
6,5,0.1,1.3577312239508637,-1.3877787807814457e-17,2.220446049250313e-16
6,6,0.12,1.3577312239508637,2.7755575615628914e-17,2.220446049250313e-16
6,7,0.14,1.3577312239508634,5.551115123125783e-17,4.440892098500626e-16
6,8,0.16,1.3577312239508634,-2.7755575615628914e-17,4.440892098500626e-16
6,9,0.18,1.3577312239508634,-2.7755575615628914e-17,4.440892098500626e-16
6,10,0.2,1.3577312239508634,2.7755575615628914e-17,4.440892098500626e-16
6,11,0.22,1.3577312239508632,1.3877787807814457e-17,6.661338147750939e-16
6,12,0.24,1.3577312239508634,1.3877787807814457e-17,4.440892098500626e-16
6,13,0.26,1.3577312239508634,-1.3877787807814457e-17,4.440892098500626e-16
6,14,0.28,1.3577312239508634,0.0,4.440892098500626e-16
6,15,0.3,1.3577312239508632,2.7755575615628914e-17,6.661338147750939e-16
6,16,0.32,1.3577312239508634,5.551115123125783e-17,4.440892098500626e-16
6,17,0.34,1.3577312239508634,2.7755575615628914e-17,4.440892098500626e-16
6,18,0.36,1.3577312239508634,-2.7755575615628914e-17,4.440892098500626e-16
6,19,0.38,1.3577312239508637,2.7755575615628914e-17,2.220446049250313e-16
6,20,0.4,1.3577312239508634,0.0,4.440892098500626e-16
6,21,0.42,1.3577312239508634,3.469446951953614e-17,4.440892098500626e-16
6,22,0.44,1.3577312239508634,6.938893903907228e-18,4.440892098500626e-16
6,23,0.46,1.3577312239508634,-6.938893903907228e-18,4.440892098500626e-16
6,24,0.48,1.3577312239508634,-2.7755575615628914e-17,4.440892098500626e-16
6,25,0.5,1.3577312239508634,3.469446951953614e-17,4.440892098500626e-16
6,26,0.52,1.3577312239508634,-2.0816681711721685e-17,4.440892098500626e-16
6,27,0.54,1.3577312239508637,-3.122502256758253e-17,2.220446049250313e-16
6,28,0.56,1.3577312239508634,-3.469446951953614e-18,4.440892098500626e-16
6,29,0.58,1.3577312239508634,-2.42861286636753e-17,4.440892098500626e-16
6,30,0.6,1.3577312239508634,2.0816681711721685e-17,4.440892098500626e-16
6,31,0.62,1.3577312239508634,-3.469446951953614e-17,4.440892098500626e-16
6,32,0.64,1.3577312239508634,0.0,4.440892098500626e-16
6,33,0.66,1.3577312239508634,1.3877787807814457e-17,4.440892098500626e-16
6,34,0.68,1.3577312239508639,0.0,0.0
6,35,0.7000000000000001,1.3577312239508634,1.3877787807814457e-17,4.440892098500626e-16
6,36,0.72,1.3577312239508634,-2.0816681711721685e-17,4.440892098500626e-16
6,37,0.74,1.3577312239508634,-1.3877787807814457e-17,4.440892098500626e-16
6,38,0.76,1.3577312239508634,-2.0816681711721685e-17,4.440892098500626e-16
6,39,0.78,1.3577312239508634,-2.7755575615628914e-17,4.440892098500626e-16
6,40,0.8,1.3577312239508634,6.938893903907228e-18,4.440892098500626e-16
6,41,0.8200000000000001,1.3577312239508634,-4.163336342344337e-17,4.440892098500626e-16
6,42,0.84,1.3577312239508634,1.3877787807814457e-17,4.440892098500626e-16
6,43,0.86,1.3577312239508639,2.7755575615628914e-17,0.0
6,44,0.88,1.3577312239508637,-1.3877787807814457e-17,2.220446049250313e-16
6,45,0.9,1.3577312239508634,2.7755575615628914e-17,4.440892098500626e-16
6,46,0.92,1.3577312239508637,-1.3877787807814457e-17,2.220446049250313e-16
6,47,0.9400000000000001,1.3577312239508637,-2.7755575615628914e-17,2.220446049250313e-16
6,48,0.96,1.3577312239508637,3.469446951953614e-17,2.220446049250313e-16
6,49,0.98,1.3577312239508637,-4.85722573273506e-17,2.220446049250313e-16
6,50,1.0,1.3577312239508634,-1.3877787807814457e-17,4.440892098500626e-16
6,51,1.02,1.3577312239508637,-1.3877787807814457e-17,2.220446049250313e-16
6,52,1.04,1.3577312239508634,0.0,4.440892098500626e-16
6,53,1.06,1.3577312239508634,4.163336342344337e-17,4.440892098500626e-16
6,54,1.08,1.3577312239508632,-2.7755575615628914e-17,6.661338147750939e-16
6,55,1.1,1.3577312239508634,2.7755575615628914e-17,4.440892098500626e-16
6,56,1.12,1.3577312239508634,4.163336342344337e-17,4.440892098500626e-16
6,57,1.1400000000000001,1.3577312239508634,1.3877787807814457e-17,4.440892098500626e-16
6,58,1.16,1.3577312239508634,-2.7755575615628914e-17,4.440892098500626e-16
6,59,1.18,1.3577312239508632,-4.163336342344337e-17,6.661338147750939e-16
6,60,1.2,1.3577312239508634,-1.3877787807814457e-17,4.440892098500626e-16
6,61,1.22,1.3577312239508634,0.0,4.440892098500626e-16
6,62,1.24,1.3577312239508634,2.7755575615628914e-17,4.440892098500626e-16
6,63,1.26,1.3577312239508634,1.3877787807814457e-17,4.440892098500626e-16
6,64,1.28,1.3577312239508634,1.3877787807814457e-17,4.440892098500626e-16
6,65,1.3,1.3577312239508637,1.3877787807814457e-17,2.220446049250313e-16
6,66,1.32,1.3577312239508634,4.163336342344337e-17,4.440892098500626e-16
6,67,1.34,1.3577312239508632,0.0,6.661338147750939e-16
6,68,1.36,1.3577312239508634,-1.3877787807814457e-17,4.440892098500626e-16
6,69,1.3800000000000001,1.3577312239508634,2.7755575615628914e-17,4.440892098500626e-16
6,70,1.4000000000000001,1.3577312239508634,-4.163336342344337e-17,4.440892098500626e-16
6,71,1.42,1.3577312239508634,1.3877787807814457e-17,4.440892098500626e-16
6,72,1.44,1.3577312239508634,-1.3877787807814457e-17,4.440892098500626e-16
6,73,1.46,1.3577312239508634,-1.3877787807814457e-17,4.440892098500626e-16
6,74,1.48,1.3577312239508634,-2.7755575615628914e-17,4.440892098500626e-16
6,75,1.5,1.3577312239508634,-2.7755575615628914e-17,4.440892098500626e-16
6,76,1.52,1.3577312239508634,-2.7755575615628914e-17,4.440892098500626e-16
6,77,1.54,1.3577312239508634,-4.163336342344337e-17,4.440892098500626e-16
6,78,1.56,1.3577312239508634,-1.3877787807814457e-17,4.440892098500626e-16
6,79,1.58,1.3577312239508632,4.163336342344337e-17,6.661338147750939e-16
7,0,0.0,1.620073588901672,6.938893903907228e-18,0.0
7,1,0.02,1.6200735889016717,0.0,2.220446049250313e-16
7,2,0.04,1.620073588901672,6.938893903907228e-18,0.0
7,3,0.06,1.6200735889016717,-6.938893903907228e-18,2.220446049250313e-16
7,4,0.08,1.620073588901672,-1.3877787807814457e-17,0.0
7,5,0.1,1.6200735889016717,1.3877787807814457e-17,2.220446049250313e-16
7,6,0.12,1.6200735889016717,2.7755575615628914e-17,2.220446049250313e-16
7,7,0.14,1.6200735889016715,0.0,4.440892098500626e-16
7,8,0.16,1.6200735889016717,-1.3877787807814457e-17,2.220446049250313e-16
7,9,0.18,1.6200735889016715,0.0,4.440892098500626e-16
7,10,0.2,1.6200735889016717,0.0,2.220446049250313e-16
7,11,0.22,1.620073588901672,-2.0816681711721685e-17,0.0
7,12,0.24,1.6200735889016717,-1.3877787807814457e-17,2.220446049250313e-16
7,13,0.26,1.6200735889016717,-1.3877787807814457e-17,2.220446049250313e-16
7,14,0.28,1.620073588901672,-2.0816681711721685e-17,0.0
7,15,0.3,1.6200735889016715,-6.938893903907228e-18,4.440892098500626e-16
7,16,0.32,1.6200735889016717,6.938893903907228e-18,2.220446049250313e-16
7,17,0.34,1.6200735889016717,2.7755575615628914e-17,2.220446049250313e-16
7,18,0.36,1.6200735889016717,1.3877787807814457e-17,2.220446049250313e-16
7,19,0.38,1.620073588901672,0.0,0.0
7,20,0.4,1.6200735889016717,1.3877787807814457e-17,2.220446049250313e-16
7,21,0.42,1.6200735889016717,-2.0816681711721685e-17,2.220446049250313e-16
7,22,0.44,1.620073588901672,1.3877787807814457e-17,0.0
7,23,0.46,1.6200735889016715,2.0816681711721685e-17,4.440892098500626e-16
7,24,0.48,1.620073588901672,2.0816681711721685e-17,0.0
7,25,0.5,1.6200735889016715,-1.3877787807814457e-17,4.440892098500626e-16
7,26,0.52,1.620073588901672,0.0,0.0
7,27,0.54,1.6200735889016717,4.163336342344337e-17,2.220446049250313e-16
7,28,0.56,1.6200735889016715,-1.3877787807814457e-17,4.440892098500626e-16
7,29,0.58,1.6200735889016717,-2.7755575615628914e-17,2.220446049250313e-16
7,30,0.6,1.6200735889016715,-1.3877787807814457e-17,4.440892098500626e-16
7,31,0.62,1.6200735889016717,-3.469446951953614e-17,2.220446049250313e-16
7,32,0.64,1.6200735889016717,-2.0816681711721685e-17,2.220446049250313e-16
7,33,0.66,1.6200735889016715,6.938893903907228e-18,4.440892098500626e-16
7,34,0.68,1.620073588901672,1.3877787807814457e-17,0.0
7,35,0.7000000000000001,1.6200735889016717,1.3877787807814457e-17,2.220446049250313e-16
7,36,0.72,1.620073588901672,2.7755575615628914e-17,0.0
7,37,0.74,1.6200735889016717,-1.3877787807814457e-17,2.220446049250313e-16
7,38,0.76,1.620073588901672,0.0,0.0
7,39,0.78,1.6200735889016715,1.3877787807814457e-17,4.440892098500626e-16
7,40,0.8,1.620073588901672,0.0,0.0
7,41,0.8200000000000001,1.6200735889016713,-1.3877787807814457e-17,6.661338147750939e-16
7,42,0.84,1.6200735889016717,-1.3877787807814457e-17,2.220446049250313e-16
7,43,0.86,1.6200735889016717,-1.3877787807814457e-17,2.220446049250313e-16
7,44,0.88,1.6200735889016715,0.0,4.440892098500626e-16
7,45,0.9,1.6200735889016717,0.0,2.220446049250313e-16
7,46,0.92,1.620073588901672,0.0,0.0
7,47,0.9400000000000001,1.6200735889016715,0.0,4.440892098500626e-16
7,48,0.96,1.620073588901672,-1.3877787807814457e-17,0.0
7,49,0.98,1.620073588901672,4.163336342344337e-17,0.0
7,50,1.0,1.6200735889016715,-2.0816681711721685e-17,4.440892098500626e-16
7,51,1.02,1.6200735889016715,-1.3877787807814457e-17,4.440892098500626e-16
7,52,1.04,1.620073588901672,-1.3877787807814457e-17,0.0
7,53,1.06,1.6200735889016713,-1.3877787807814457e-17,6.661338147750939e-16
7,54,1.08,1.620073588901672,2.0816681711721685e-17,0.0
7,55,1.1,1.6200735889016715,2.7755575615628914e-17,4.440892098500626e-16
7,56,1.12,1.6200735889016715,-1.3877787807814457e-17,4.440892098500626e-16
7,57,1.1400000000000001,1.620073588901672,6.938893903907228e-18,0.0
7,58,1.16,1.6200735889016715,2.7755575615628914e-17,4.440892098500626e-16
7,59,1.18,1.6200735889016715,-1.3877787807814457e-17,4.440892098500626e-16
7,60,1.2,1.620073588901672,-2.7755575615628914e-17,0.0
7,61,1.22,1.6200735889016715,1.3877787807814457e-17,4.440892098500626e-16
7,62,1.24,1.6200735889016715,-1.3877787807814457e-17,4.440892098500626e-16
7,63,1.26,1.6200735889016717,-1.3877787807814457e-17,2.220446049250313e-16
7,64,1.28,1.6200735889016715,0.0,4.440892098500626e-16
7,65,1.3,1.6200735889016717,6.938893903907228e-18,2.220446049250313e-16
7,66,1.32,1.6200735889016715,-1.3877787807814457e-17,4.440892098500626e-16
7,67,1.34,1.6200735889016715,6.938893903907228e-18,4.440892098500626e-16
7,68,1.36,1.620073588901672,-3.469446951953614e-17,0.0
7,69,1.3800000000000001,1.6200735889016715,-1.3877787807814457e-17,4.440892098500626e-16
7,70,1.4000000000000001,1.620073588901672,-2.0816681711721685e-17,0.0
7,71,1.42,1.6200735889016715,-3.469446951953614e-17,4.440892098500626e-16
7,72,1.44,1.6200735889016715,1.734723475976807e-17,4.440892098500626e-16
7,73,1.46,1.6200735889016715,1.3877787807814457e-17,4.440892098500626e-16
7,74,1.48,1.6200735889016717,1.3877787807814457e-17,2.220446049250313e-16
7,75,1.5,1.620073588901672,-1.0408340855860843e-17,0.0
7,76,1.52,1.6200735889016717,-1.0408340855860843e-17,2.220446049250313e-16
7,77,1.54,1.6200735889016715,0.0,4.440892098500626e-16
7,78,1.56,1.6200735889016715,1.3877787807814457e-17,4.440892098500626e-16
7,79,1.58,1.6200735889016715,0.0,4.440892098500626e-16
8,0,0.0,1.208775027608141,4.163336342344337e-17,0.0
8,1,0.02,1.2087750276081413,-1.734723475976807e-17,2.220446049250313e-16
8,2,0.04,1.2087750276081413,5.204170427930421e-17,2.220446049250313e-16
8,3,0.06,1.208775027608141,2.0816681711721685e-17,0.0
8,4,0.08,1.2087750276081413,-1.3877787807814457e-17,2.220446049250313e-16
8,5,0.1,1.2087750276081413,-4.163336342344337e-17,2.220446049250313e-16
8,6,0.12,1.2087750276081413,3.8163916471489756e-17,2.220446049250313e-16
8,7,0.14,1.2087750276081413,-4.85722573273506e-17,2.220446049250313e-16
8,8,0.16,1.2087750276081413,-1.3877787807814457e-17,2.220446049250313e-16
8,9,0.18,1.2087750276081413,4.85722573273506e-17,2.220446049250313e-16
8,10,0.2,1.2087750276081413,-6.938893903907228e-18,2.220446049250313e-16
8,11,0.22,1.2087750276081415,-6.938893903907228e-18,4.440892098500626e-16
8,12,0.24,1.2087750276081413,6.245004513516506e-17,2.220446049250313e-16
8,13,0.26,1.2087750276081413,-3.469446951953614e-18,2.220446049250313e-16
8,14,0.28,1.208775027608141,-1.3877787807814457e-17,0.0
8,15,0.3,1.208775027608141,5.204170427930421e-17,0.0
8,16,0.32,1.2087750276081415,-4.85722573273506e-17,4.440892098500626e-16
8,17,0.34,1.2087750276081415,1.734723475976807e-17,4.440892098500626e-16
8,18,0.36,1.2087750276081415,-3.469446951953614e-18,4.440892098500626e-16
8,19,0.38,1.2087750276081413,2.7755575615628914e-17,2.220446049250313e-16
8,20,0.4,1.2087750276081415,2.0816681711721685e-17,4.440892098500626e-16
8,21,0.42,1.2087750276081415,-3.469446951953614e-18,4.440892098500626e-16
8,22,0.44,1.2087750276081415,-2.0816681711721685e-17,4.440892098500626e-16
8,23,0.46,1.2087750276081413,-3.469446951953614e-18,2.220446049250313e-16
8,24,0.48,1.2087750276081415,0.0,4.440892098500626e-16
8,25,0.5,1.2087750276081413,-1.3877787807814457e-17,2.220446049250313e-16
8,26,0.52,1.2087750276081413,1.0408340855860843e-17,2.220446049250313e-16
8,27,0.54,1.2087750276081413,-6.938893903907228e-18,2.220446049250313e-16
8,28,0.56,1.2087750276081413,-3.122502256758253e-17,2.220446049250313e-16
8,29,0.58,1.2087750276081413,2.42861286636753e-17,2.220446049250313e-16
8,30,0.6,1.2087750276081415,6.938893903907228e-18,4.440892098500626e-16
8,31,0.62,1.2087750276081413,2.0816681711721685e-17,2.220446049250313e-16
8,32,0.64,1.2087750276081415,-6.938893903907228e-18,4.440892098500626e-16
8,33,0.66,1.2087750276081415,-1.3877787807814457e-17,4.440892098500626e-16
8,34,0.68,1.2087750276081413,2.42861286636753e-17,2.220446049250313e-16
8,35,0.7000000000000001,1.2087750276081413,-1.3877787807814457e-17,2.220446049250313e-16
8,36,0.72,1.2087750276081413,0.0,2.220446049250313e-16
8,37,0.74,1.2087750276081413,1.0408340855860843e-17,2.220446049250313e-16
8,38,0.76,1.2087750276081413,2.0816681711721685e-17,2.220446049250313e-16
8,39,0.78,1.2087750276081415,2.0816681711721685e-17,4.440892098500626e-16
8,40,0.8,1.2087750276081413,-6.938893903907228e-18,2.220446049250313e-16
8,41,0.8200000000000001,1.2087750276081413,6.938893903907228e-18,2.220446049250313e-16
8,42,0.84,1.2087750276081413,5.551115123125783e-17,2.220446049250313e-16
8,43,0.86,1.2087750276081413,-2.0816681711721685e-17,2.220446049250313e-16
8,44,0.88,1.2087750276081413,6.938893903907228e-18,2.220446049250313e-16
8,45,0.9,1.2087750276081413,-6.938893903907228e-18,2.220446049250313e-16
8,46,0.92,1.2087750276081413,6.938893903907228e-18,2.220446049250313e-16
8,47,0.9400000000000001,1.2087750276081413,7.632783294297951e-17,2.220446049250313e-16
8,48,0.96,1.2087750276081415,0.0,4.440892098500626e-16
8,49,0.98,1.2087750276081415,6.938893903907228e-18,4.440892098500626e-16
8,50,1.0,1.2087750276081415,0.0,4.440892098500626e-16
8,51,1.02,1.2087750276081413,3.469446951953614e-17,2.220446049250313e-16
8,52,1.04,1.2087750276081413,6.938893903907228e-18,2.220446049250313e-16
8,53,1.06,1.208775027608141,-1.0408340855860843e-17,0.0
8,54,1.08,1.2087750276081415,2.0816681711721685e-17,4.440892098500626e-16
8,55,1.1,1.208775027608141,-2.42861286636753e-17,0.0
8,56,1.12,1.2087750276081413,4.163336342344337e-17,2.220446049250313e-16
8,57,1.1400000000000001,1.2087750276081413,1.0408340855860843e-17,2.220446049250313e-16
8,58,1.16,1.2087750276081413,-2.7755575615628914e-17,2.220446049250313e-16
8,59,1.18,1.2087750276081415,-3.469446951953614e-17,4.440892098500626e-16
8,60,1.2,1.2087750276081413,0.0,2.220446049250313e-16
8,61,1.22,1.2087750276081415,-1.3877787807814457e-17,4.440892098500626e-16
8,62,1.24,1.2087750276081413,-3.469446951953614e-18,2.220446049250313e-16
8,63,1.26,1.2087750276081413,2.0816681711721685e-17,2.220446049250313e-16
8,64,1.28,1.2087750276081413,3.8163916471489756e-17,2.220446049250313e-16
8,65,1.3,1.2087750276081413,-2.42861286636753e-17,2.220446049250313e-16
8,66,1.32,1.2087750276081413,6.938893903907228e-18,2.220446049250313e-16
8,67,1.34,1.2087750276081415,-5.0306980803327406e-17,4.440892098500626e-16
8,68,1.36,1.2087750276081415,-1.3877787807814457e-17,4.440892098500626e-16
8,69,1.3800000000000001,1.2087750276081417,-2.2551405187698492e-17,6.661338147750939e-16
8,70,1.4000000000000001,1.2087750276081413,-3.9898639947466563e-17,2.220446049250313e-16
8,71,1.42,1.2087750276081413,-1.214306433183765e-17,2.220446049250313e-16
8,72,1.44,1.2087750276081413,2.2551405187698492e-17,2.220446049250313e-16
8,73,1.46,1.2087750276081413,0.0,2.220446049250313e-16
8,74,1.48,1.2087750276081413,-2.7755575615628914e-17,2.220446049250313e-16
8,75,1.5,1.2087750276081413,-1.3877787807814457e-17,2.220446049250313e-16
8,76,1.52,1.2087750276081415,-6.938893903907228e-18,4.440892098500626e-16
8,77,1.54,1.2087750276081413,-4.85722573273506e-17,2.220446049250313e-16
8,78,1.56,1.2087750276081413,-4.163336342344337e-17,2.220446049250313e-16
8,79,1.58,1.2087750276081413,4.336808689942018e-17,2.220446049250313e-16
9,0,0.0,1.366307421607427,2.7755575615628914e-17,0.0
9,1,0.02,1.3663074216074271,0.0,2.220446049250313e-16
9,2,0.04,1.3663074216074271,0.0,2.220446049250313e-16
9,3,0.06,1.3663074216074271,-2.0816681711721685e-17,2.220446049250313e-16
9,4,0.08,1.3663074216074276,1.3877787807814457e-17,6.661338147750939e-16
9,5,0.1,1.3663074216074271,0.0,2.220446049250313e-16
9,6,0.12,1.3663074216074271,-1.3877787807814457e-17,2.220446049250313e-16
9,7,0.14,1.3663074216074271,1.3877787807814457e-17,2.220446049250313e-16
9,8,0.16,1.3663074216074271,6.938893903907228e-18,2.220446049250313e-16
9,9,0.18,1.3663074216074271,0.0,2.220446049250313e-16
9,10,0.2,1.366307421607427,0.0,0.0
9,11,0.22,1.3663074216074271,1.3877787807814457e-17,2.220446049250313e-16
9,12,0.24,1.3663074216074271,-6.938893903907228e-18,2.220446049250313e-16
9,13,0.26,1.3663074216074271,4.85722573273506e-17,2.220446049250313e-16
9,14,0.28,1.3663074216074271,-1.3877787807814457e-17,2.220446049250313e-16
9,15,0.3,1.3663074216074271,-2.0816681711721685e-17,2.220446049250313e-16
9,16,0.32,1.3663074216074271,-1.3877787807814457e-17,2.220446049250313e-16
9,17,0.34,1.366307421607427,2.0816681711721685e-17,0.0
9,18,0.36,1.3663074216074274,6.938893903907228e-18,4.440892098500626e-16
9,19,0.38,1.3663074216074274,-1.3877787807814457e-17,4.440892098500626e-16
9,20,0.4,1.3663074216074274,-6.938893903907228e-18,4.440892098500626e-16
9,21,0.42,1.3663074216074274,-1.3877787807814457e-17,4.440892098500626e-16
9,22,0.44,1.366307421607427,-2.7755575615628914e-17,0.0
9,23,0.46,1.3663074216074274,6.938893903907228e-18,4.440892098500626e-16
9,24,0.48,1.366307421607427,6.938893903907228e-18,0.0
9,25,0.5,1.3663074216074271,-1.3877787807814457e-17,2.220446049250313e-16
9,26,0.52,1.3663074216074271,6.938893903907228e-18,2.220446049250313e-16
9,27,0.54,1.3663074216074271,-2.0816681711721685e-17,2.220446049250313e-16
9,28,0.56,1.3663074216074276,0.0,6.661338147750939e-16
9,29,0.58,1.3663074216074271,2.0816681711721685e-17,2.220446049250313e-16
9,30,0.6,1.3663074216074271,-1.3877787807814457e-17,2.220446049250313e-16
9,31,0.62,1.3663074216074271,2.7755575615628914e-17,2.220446049250313e-16
9,32,0.64,1.3663074216074271,2.0816681711721685e-17,2.220446049250313e-16
9,33,0.66,1.3663074216074271,1.3877787807814457e-17,2.220446049250313e-16
9,34,0.68,1.3663074216074271,6.938893903907228e-18,2.220446049250313e-16
9,35,0.7000000000000001,1.366307421607427,6.938893903907228e-18,0.0
9,36,0.72,1.3663074216074271,6.938893903907228e-18,2.220446049250313e-16
9,37,0.74,1.3663074216074271,6.938893903907228e-18,2.220446049250313e-16
9,38,0.76,1.3663074216074271,-2.0816681711721685e-17,2.220446049250313e-16
9,39,0.78,1.3663074216074271,6.938893903907228e-18,2.220446049250313e-16
9,40,0.8,1.3663074216074271,-6.938893903907228e-18,2.220446049250313e-16
9,41,0.8200000000000001,1.3663074216074276,-1.3877787807814457e-17,6.661338147750939e-16
9,42,0.84,1.3663074216074271,1.3877787807814457e-17,2.220446049250313e-16
9,43,0.86,1.3663074216074271,0.0,2.220446049250313e-16
9,44,0.88,1.3663074216074271,-1.3877787807814457e-17,2.220446049250313e-16
9,45,0.9,1.366307421607427,-6.938893903907228e-18,0.0
9,46,0.92,1.366307421607427,2.7755575615628914e-17,0.0
9,47,0.9400000000000001,1.3663074216074271,1.3877787807814457e-17,2.220446049250313e-16
9,48,0.96,1.3663074216074274,-2.0816681711721685e-17,4.440892098500626e-16
9,49,0.98,1.3663074216074274,-1.734723475976807e-17,4.440892098500626e-16
9,50,1.0,1.3663074216074274,-1.0408340855860843e-17,4.440892098500626e-16
9,51,1.02,1.3663074216074271,3.122502256758253e-17,2.220446049250313e-16
9,52,1.04,1.3663074216074271,-1.5612511283791264e-17,2.220446049250313e-16
9,53,1.06,1.3663074216074271,-1.3877787807814457e-17,2.220446049250313e-16
9,54,1.08,1.3663074216074271,2.7755575615628914e-17,2.220446049250313e-16
9,55,1.1,1.3663074216074271,9.107298248878237e-18,2.220446049250313e-16
9,56,1.12,1.3663074216074271,-2.168404344971009e-18,2.220446049250313e-16
9,57,1.1400000000000001,1.3663074216074271,-6.938893903907228e-18,2.220446049250313e-16
9,58,1.16,1.3663074216074271,-2.7755575615628914e-17,2.220446049250313e-16
9,59,1.18,1.3663074216074271,3.469446951953614e-17,2.220446049250313e-16
9,60,1.2,1.3663074216074271,-2.0816681711721685e-17,2.220446049250313e-16
9,61,1.22,1.3663074216074271,-3.122502256758253e-17,2.220446049250313e-16
9,62,1.24,1.3663074216074271,6.938893903907228e-18,2.220446049250313e-16
9,63,1.26,1.3663074216074271,2.0816681711721685e-17,2.220446049250313e-16
9,64,1.28,1.3663074216074271,4.5102810375396984e-17,2.220446049250313e-16
9,65,1.3,1.3663074216074271,3.469446951953614e-18,2.220446049250313e-16
9,66,1.32,1.3663074216074271,1.0408340855860843e-17,2.220446049250313e-16
9,67,1.34,1.3663074216074271,3.8163916471489756e-17,2.220446049250313e-16
9,68,1.36,1.3663074216074271,1.0408340855860843e-17,2.220446049250313e-16
9,69,1.3800000000000001,1.3663074216074271,-4.5102810375396984e-17,2.220446049250313e-16
9,70,1.4000000000000001,1.3663074216074271,2.42861286636753e-17,2.220446049250313e-16
9,71,1.42,1.3663074216074267,7.806255641895632e-18,2.220446049250313e-16
9,72,1.44,1.3663074216074271,1.5612511283791264e-17,2.220446049250313e-16
9,73,1.46,1.3663074216074271,-2.949029909160572e-17,2.220446049250313e-16
9,74,1.48,1.3663074216074271,-1.214306433183765e-17,2.220446049250313e-16
9,75,1.5,1.3663074216074274,1.5612511283791264e-17,4.440892098500626e-16
9,76,1.52,1.3663074216074271,-6.938893903907228e-18,2.220446049250313e-16
9,77,1.54,1.3663074216074271,-3.2959746043559335e-17,2.220446049250313e-16
9,78,1.56,1.3663074216074271,-1.5612511283791264e-17,2.220446049250313e-16
9,79,1.58,1.3663074216074271,-1.9081958235744878e-17,2.220446049250313e-16
10,0,0.0,1.796217616766449,4.163336342344337e-17,0.0
10,1,0.02,1.7962176167664499,-1.3877787807814457e-17,8.881784197001252e-16
10,2,0.04,1.79621761676645,-1.3877787807814457e-17,1.1102230246251565e-15
10,3,0.06,1.7962176167664499,-4.163336342344337e-17,8.881784197001252e-16
10,4,0.08,1.79621761676645,-2.7755575615628914e-17,1.1102230246251565e-15
10,5,0.1,1.79621761676645,-2.7755575615628914e-17,1.1102230246251565e-15
10,6,0.12,1.7962176167664499,1.3877787807814457e-17,8.881784197001252e-16
10,7,0.14,1.7962176167664503,2.7755575615628914e-17,1.3322676295501878e-15
10,8,0.16,1.7962176167664499,1.3877787807814457e-17,8.881784197001252e-16
10,9,0.18,1.7962176167664499,2.7755575615628914e-17,8.881784197001252e-16
10,10,0.2,1.7962176167664499,-4.163336342344337e-17,8.881784197001252e-16
10,11,0.22,1.7962176167664499,-5.551115123125783e-17,8.881784197001252e-16
10,12,0.24,1.7962176167664499,2.7755575615628914e-17,8.881784197001252e-16
10,13,0.26,1.7962176167664503,-2.7755575615628914e-17,1.3322676295501878e-15
10,14,0.28,1.7962176167664499,0.0,8.881784197001252e-16
10,15,0.3,1.7962176167664499,0.0,8.881784197001252e-16
10,16,0.32,1.79621761676645,2.7755575615628914e-17,1.1102230246251565e-15
10,17,0.34,1.7962176167664499,-1.3877787807814457e-17,8.881784197001252e-16
10,18,0.36,1.7962176167664499,5.551115123125783e-17,8.881784197001252e-16
10,19,0.38,1.79621761676645,2.7755575615628914e-17,1.1102230246251565e-15
10,20,0.4,1.79621761676645,-2.7755575615628914e-17,1.1102230246251565e-15
10,21,0.42,1.79621761676645,-4.163336342344337e-17,1.1102230246251565e-15
10,22,0.44,1.7962176167664503,0.0,1.3322676295501878e-15
10,23,0.46,1.7962176167664499,2.7755575615628914e-17,8.881784197001252e-16
10,24,0.48,1.79621761676645,-5.551115123125783e-17,1.1102230246251565e-15
10,25,0.5,1.79621761676645,-4.163336342344337e-17,1.1102230246251565e-15
10,26,0.52,1.7962176167664499,0.0,8.881784197001252e-16
10,27,0.54,1.7962176167664499,2.7755575615628914e-17,8.881784197001252e-16
10,28,0.56,1.79621761676645,1.3877787807814457e-17,1.1102230246251565e-15
10,29,0.58,1.7962176167664499,1.3877787807814457e-17,8.881784197001252e-16
10,30,0.6,1.7962176167664499,-4.163336342344337e-17,8.881784197001252e-16
10,31,0.62,1.7962176167664499,-1.3877787807814457e-17,8.881784197001252e-16
10,32,0.64,1.7962176167664499,4.163336342344337e-17,8.881784197001252e-16
10,33,0.66,1.7962176167664499,0.0,8.881784197001252e-16
10,34,0.68,1.7962176167664499,-4.163336342344337e-17,8.881784197001252e-16
10,35,0.7000000000000001,1.7962176167664499,-4.163336342344337e-17,8.881784197001252e-16
10,36,0.72,1.7962176167664499,5.551115123125783e-17,8.881784197001252e-16
10,37,0.74,1.7962176167664499,1.3877787807814457e-17,8.881784197001252e-16
10,38,0.76,1.7962176167664499,-1.249000902703301e-16,8.881784197001252e-16
10,39,0.78,1.7962176167664499,-1.3877787807814457e-17,8.881784197001252e-16
10,40,0.8,1.7962176167664494,0.0,4.440892098500626e-16
10,41,0.8200000000000001,1.7962176167664499,0.0,8.881784197001252e-16
10,42,0.84,1.7962176167664499,0.0,8.881784197001252e-16
10,43,0.86,1.79621761676645,6.938893903907228e-18,1.1102230246251565e-15
10,44,0.88,1.7962176167664499,-3.469446951953614e-17,8.881784197001252e-16
10,45,0.9,1.79621761676645,4.85722573273506e-17,1.1102230246251565e-15
10,46,0.92,1.7962176167664499,-2.0816681711721685e-17,8.881784197001252e-16
10,47,0.9400000000000001,1.7962176167664499,-2.0816681711721685e-17,8.881784197001252e-16
10,48,0.96,1.79621761676645,-4.85722573273506e-17,1.1102230246251565e-15
10,49,0.98,1.7962176167664496,0.0,6.661338147750939e-16
10,50,1.0,1.7962176167664499,4.163336342344337e-17,8.881784197001252e-16
10,51,1.02,1.79621761676645,-4.85722573273506e-17,1.1102230246251565e-15
10,52,1.04,1.7962176167664496,-4.163336342344337e-17,6.661338147750939e-16
10,53,1.06,1.79621761676645,-1.3877787807814457e-17,1.1102230246251565e-15
10,54,1.08,1.7962176167664496,-1.3877787807814457e-17,6.661338147750939e-16
10,55,1.1,1.7962176167664499,1.3877787807814457e-17,8.881784197001252e-16
10,56,1.12,1.7962176167664499,0.0,8.881784197001252e-16
10,57,1.1400000000000001,1.7962176167664499,0.0,8.881784197001252e-16
10,58,1.16,1.79621761676645,-4.163336342344337e-17,1.1102230246251565e-15
10,59,1.18,1.79621761676645,-1.3877787807814457e-17,1.1102230246251565e-15
10,60,1.2,1.79621761676645,0.0,1.1102230246251565e-15
10,61,1.22,1.7962176167664499,4.163336342344337e-17,8.881784197001252e-16
10,62,1.24,1.7962176167664496,0.0,6.661338147750939e-16
10,63,1.26,1.7962176167664496,1.3877787807814457e-17,6.661338147750939e-16
10,64,1.28,1.7962176167664496,1.3877787807814457e-17,6.661338147750939e-16
10,65,1.3,1.79621761676645,5.551115123125783e-17,1.1102230246251565e-15
10,66,1.32,1.79621761676645,-1.3877787807814457e-17,1.1102230246251565e-15
10,67,1.34,1.79621761676645,6.938893903907228e-17,1.1102230246251565e-15
10,68,1.36,1.7962176167664499,-4.163336342344337e-17,8.881784197001252e-16
10,69,1.3800000000000001,1.7962176167664499,1.3877787807814457e-17,8.881784197001252e-16
10,70,1.4000000000000001,1.7962176167664499,-2.7755575615628914e-17,8.881784197001252e-16
10,71,1.42,1.79621761676645,0.0,1.1102230246251565e-15
10,72,1.44,1.79621761676645,0.0,1.1102230246251565e-15
10,73,1.46,1.79621761676645,0.0,1.1102230246251565e-15
10,74,1.48,1.7962176167664499,-4.163336342344337e-17,8.881784197001252e-16
10,75,1.5,1.7962176167664503,2.7755575615628914e-17,1.3322676295501878e-15
10,76,1.52,1.79621761676645,0.0,1.1102230246251565e-15
10,77,1.54,1.7962176167664499,-1.3877787807814457e-17,8.881784197001252e-16
10,78,1.56,1.7962176167664496,2.7755575615628914e-17,6.661338147750939e-16
10,79,1.58,1.7962176167664499,1.3877787807814457e-17,8.881784197001252e-16
11,0,0.0,1.2797428689595234,2.7755575615628914e-17,0.0
11,1,0.02,1.2797428689595236,-1.3877787807814457e-17,2.220446049250313e-16
11,2,0.04,1.2797428689595232,0.0,2.220446049250313e-16
11,3,0.06,1.2797428689595236,0.0,2.220446049250313e-16
11,4,0.08,1.2797428689595232,0.0,2.220446049250313e-16
11,5,0.1,1.2797428689595234,-1.3877787807814457e-17,0.0
11,6,0.12,1.2797428689595234,-2.7755575615628914e-17,0.0
11,7,0.14,1.2797428689595236,2.7755575615628914e-17,2.220446049250313e-16
11,8,0.16,1.2797428689595234,-2.7755575615628914e-17,0.0
11,9,0.18,1.2797428689595234,-1.3877787807814457e-17,0.0
11,10,0.2,1.2797428689595232,4.163336342344337e-17,2.220446049250313e-16
11,11,0.22,1.2797428689595232,-1.3877787807814457e-17,2.220446049250313e-16
11,12,0.24,1.2797428689595236,-6.938893903907228e-18,2.220446049250313e-16
11,13,0.26,1.2797428689595236,1.3877787807814457e-17,2.220446049250313e-16
11,14,0.28,1.2797428689595236,2.7755575615628914e-17,2.220446049250313e-16
11,15,0.3,1.2797428689595236,-6.938893903907228e-18,2.220446049250313e-16
11,16,0.32,1.2797428689595234,2.0816681711721685e-17,0.0
11,17,0.34,1.2797428689595234,4.163336342344337e-17,0.0
11,18,0.36,1.2797428689595236,0.0,2.220446049250313e-16
11,19,0.38,1.2797428689595234,4.85722573273506e-17,0.0
11,20,0.4,1.2797428689595234,-1.3877787807814457e-17,0.0
11,21,0.42,1.2797428689595234,6.938893903907228e-18,0.0
11,22,0.44,1.2797428689595232,6.938893903907228e-18,2.220446049250313e-16
11,23,0.46,1.2797428689595238,1.3877787807814457e-17,4.440892098500626e-16
11,24,0.48,1.2797428689595234,0.0,0.0
11,25,0.5,1.2797428689595234,1.3877787807814457e-17,0.0
11,26,0.52,1.2797428689595236,2.0816681711721685e-17,2.220446049250313e-16
11,27,0.54,1.2797428689595234,1.3877787807814457e-17,0.0
11,28,0.56,1.2797428689595234,-4.85722573273506e-17,0.0
11,29,0.58,1.2797428689595234,3.122502256758253e-17,0.0
11,30,0.6,1.2797428689595234,-2.0816681711721685e-17,0.0
11,31,0.62,1.2797428689595234,0.0,0.0
11,32,0.64,1.2797428689595234,-3.8163916471489756e-17,0.0
11,33,0.66,1.2797428689595234,-4.163336342344337e-17,0.0
11,34,0.68,1.2797428689595234,0.0,0.0
11,35,0.7000000000000001,1.2797428689595232,-2.0816681711721685e-17,2.220446049250313e-16
11,36,0.72,1.2797428689595236,0.0,2.220446049250313e-16
11,37,0.74,1.2797428689595234,0.0,0.0
11,38,0.76,1.2797428689595232,-2.42861286636753e-17,2.220446049250313e-16
11,39,0.78,1.2797428689595236,2.7755575615628914e-17,2.220446049250313e-16
11,40,0.8,1.2797428689595236,1.734723475976807e-17,2.220446049250313e-16
11,41,0.8200000000000001,1.2797428689595236,-2.42861286636753e-17,2.220446049250313e-16
11,42,0.84,1.2797428689595236,-1.214306433183765e-17,2.220446049250313e-16
11,43,0.86,1.2797428689595236,3.2959746043559335e-17,2.220446049250313e-16
11,44,0.88,1.2797428689595232,-8.673617379884035e-18,2.220446049250313e-16
11,45,0.9,1.2797428689595234,-8.673617379884035e-19,0.0
11,46,0.92,1.2797428689595236,-1.9949319973733282e-17,2.220446049250313e-16
11,47,0.9400000000000001,1.2797428689595236,2.5153490401663703e-17,2.220446049250313e-16
11,48,0.96,1.2797428689595234,-4.0766001685454967e-17,0.0
11,49,0.98,1.2797428689595234,-1.734723475976807e-17,0.0
11,50,1.0,1.2797428689595234,-2.2551405187698492e-17,0.0
11,51,1.02,1.2797428689595234,-6.938893903907228e-18,0.0
11,52,1.04,1.2797428689595234,8.673617379884035e-18,0.0
11,53,1.06,1.2797428689595234,-5.204170427930421e-18,0.0
11,54,1.08,1.2797428689595234,3.9898639947466563e-17,0.0
11,55,1.1,1.2797428689595234,-3.469446951953614e-18,0.0
11,56,1.12,1.2797428689595236,-1.0408340855860843e-17,2.220446049250313e-16
11,57,1.1400000000000001,1.2797428689595234,-3.122502256758253e-17,0.0
11,58,1.16,1.2797428689595236,2.42861286636753e-17,2.220446049250313e-16
11,59,1.18,1.2797428689595232,-1.734723475976807e-17,2.220446049250313e-16
11,60,1.2,1.2797428689595234,-1.0408340855860843e-17,0.0
11,61,1.22,1.2797428689595234,2.7755575615628914e-17,0.0
11,62,1.24,1.2797428689595236,0.0,2.220446049250313e-16
11,63,1.26,1.2797428689595236,-3.469446951953614e-17,2.220446049250313e-16
11,64,1.28,1.2797428689595234,-1.0408340855860843e-17,0.0
11,65,1.3,1.2797428689595234,-1.3877787807814457e-17,0.0
11,66,1.32,1.2797428689595234,0.0,0.0
11,67,1.34,1.2797428689595234,-2.7755575615628914e-17,0.0
11,68,1.36,1.2797428689595232,6.938893903907228e-18,2.220446049250313e-16
11,69,1.3800000000000001,1.2797428689595232,-1.734723475976807e-17,2.220446049250313e-16
11,70,1.4000000000000001,1.2797428689595236,-3.122502256758253e-17,2.220446049250313e-16
11,71,1.42,1.2797428689595236,0.0,2.220446049250313e-16
11,72,1.44,1.2797428689595236,2.7755575615628914e-17,2.220446049250313e-16
11,73,1.46,1.2797428689595232,-2.42861286636753e-17,2.220446049250313e-16
11,74,1.48,1.2797428689595234,6.938893903907228e-18,0.0
11,75,1.5,1.2797428689595236,-6.938893903907228e-18,2.220446049250313e-16
11,76,1.52,1.2797428689595232,1.0408340855860843e-17,2.220446049250313e-16
11,77,1.54,1.2797428689595232,0.0,2.220446049250313e-16
11,78,1.56,1.2797428689595236,3.469446951953614e-17,2.220446049250313e-16
11,79,1.58,1.2797428689595232,2.0816681711721685e-17,2.220446049250313e-16
