seed,Nsamples,L_sites,K_layers,gamma_deph,eta0,"noncomm_norm_[U0,U1]",max_abs_balance_residual,mean_abs_balance_residual,balance_closure_ok_1e-10,seed_case,n_sites_case,k_layers_case,gamma_case,eta0_case
20260400,16,4,3,0.1,0.2,1.0662702819607914,4.163336342344337e-17,5.7321542983856016e-18,True,20260400,4,3,0.1,0.2
20260400,16,4,3,0.1,0.9,1.0662702819607914,5.551115123125783e-17,8.696581384231819e-18,True,20260400,4,3,0.1,0.9
20260400,16,4,3,0.1,1.6,1.0662702819607914,1.1102230246251565e-16,1.0685791203472584e-17,True,20260400,4,3,0.1,1.6
20260400,16,4,3,0.35,0.2,1.0662702819607914,8.326672684688674e-17,9.328279733339692e-18,True,20260400,4,3,0.35,0.2
20260400,16,4,3,0.35,0.9,1.0662702819607914,1.1102230246251565e-16,1.1396922420078528e-17,True,20260400,4,3,0.35,0.9
20260400,16,4,3,0.35,1.6,1.0662702819607914,2.220446049250313e-16,2.0597582522698572e-17,True,20260400,4,3,0.35,1.6
20260400,16,4,3,0.8,0.2,1.0662702819607914,4.440892098500626e-16,2.298847418848171e-17,True,20260400,4,3,0.8,0.2
20260400,16,4,3,0.8,0.9,1.0662702819607914,2.220446049250313e-16,2.6904778077497927e-17,True,20260400,4,3,0.8,0.9
20260400,16,4,3,0.8,1.6,1.0662702819607914,1.1102230246251565e-16,1.786825413710138e-17,True,20260400,4,3,0.8,1.6
20260400,16,4,4,0.1,0.2,1.0442646194114757,5.551115123125783e-17,5.539171958569497e-18,True,20260400,4,4,0.1,0.2
20260400,16,4,4,0.1,0.9,1.0442646194114757,5.551115123125783e-17,8.019990288919468e-18,True,20260400,4,4,0.1,0.9
20260400,16,4,4,0.1,1.6,1.0442646194114757,5.551115123125783e-17,1.0393094262810265e-17,True,20260400,4,4,0.1,1.6
20260400,16,4,4,0.35,0.2,1.0442646194114757,5.551115123125783e-17,8.354003614453412e-18,True,20260400,4,4,0.35,0.2
20260400,16,4,4,0.35,0.9,1.0442646194114757,5.551115123125783e-17,1.009663273127126e-17,True,20260400,4,4,0.35,0.9
20260400,16,4,4,0.35,1.6,1.0442646194114757,1.1102230246251565e-16,1.526127495499648e-17,True,20260400,4,4,0.35,1.6
20260400,16,4,4,0.8,0.2,1.0442646194114757,2.220446049250313e-16,1.569043831493866e-17,True,20260400,4,4,0.8,0.2
20260400,16,4,4,0.8,0.9,1.0442646194114757,1.1102230246251565e-16,2.03863889745165e-17,True,20260400,4,4,0.8,0.9
20260400,16,4,4,0.8,1.6,1.0442646194114757,2.220446049250313e-16,1.875895633852524e-17,True,20260400,4,4,0.8,1.6
20260400,16,4,5,0.1,0.2,0.8802985854082106,4.85722573273506e-17,3.6668620975270164e-18,True,20260400,4,5,0.1,0.2
20260400,16,4,5,0.1,0.9,0.8802985854082106,5.551115123125783e-17,6.252006652547141e-18,True,20260400,4,5,0.1,0.9
20260400,16,4,5,0.1,1.6,0.8802985854082106,5.551115123125783e-17,9.600836112811742e-18,True,20260400,4,5,0.1,1.6
20260400,16,4,5,0.35,0.2,0.8802985854082106,2.7755575615628914e-17,5.140473550296898e-18,True,20260400,4,5,0.35,0.2
20260400,16,4,5,0.35,0.9,0.8802985854082106,5.551115123125783e-17,7.148506323921093e-18,True,20260400,4,5,0.35,0.9
20260400,16,4,5,0.35,1.6,0.8802985854082106,1.1102230246251565e-16,9.641945445185152e-18,True,20260400,4,5,0.35,1.6
20260400,16,4,5,0.8,0.2,0.8802985854082106,1.1102230246251565e-16,1.132381406525329e-17,True,20260400,4,5,0.8,0.2
20260400,16,4,5,0.8,0.9,0.8802985854082106,2.220446049250313e-16,1.2502658052378675e-17,True,20260400,4,5,0.8,0.9
20260400,16,4,5,0.8,1.6,0.8802985854082106,2.220446049250313e-16,1.4540958136651424e-17,True,20260400,4,5,0.8,1.6
20260401,16,4,3,0.1,0.2,1.0662702819607914,4.163336342344337e-17,5.949182962426537e-18,True,20260401,4,3,0.1,0.2
20260401,16,4,3,0.1,0.9,1.0662702819607914,5.551115123125783e-17,8.97403173184356e-18,True,20260401,4,3,0.1,0.9
20260401,16,4,3,0.1,1.6,1.0662702819607914,1.1102230246251565e-16,1.1354006084084311e-17,True,20260401,4,3,0.1,1.6
20260401,16,4,3,0.35,0.2,1.0662702819607914,8.326672684688674e-17,1.0113196931128677e-17,True,20260401,4,3,0.35,0.2
20260401,16,4,3,0.35,0.9,1.0662702819607914,1.1102230246251565e-16,1.1482755092066965e-17,True,20260401,4,3,0.35,0.9
20260401,16,4,3,0.35,1.6,1.0662702819607914,2.220446049250313e-16,2.115173029974672e-17,True,20260401,4,3,0.35,1.6
20260401,16,4,3,0.8,0.2,1.0662702819607914,4.440892098500626e-16,2.2674507309366116e-17,True,20260401,4,3,0.8,0.2
20260401,16,4,3,0.8,0.9,1.0662702819607914,2.220446049250313e-16,2.660210497101239e-17,True,20260401,4,3,0.8,0.9
20260401,16,4,3,0.8,1.6,1.0662702819607914,1.1102230246251565e-16,1.8344098423914467e-17,True,20260401,4,3,0.8,1.6
20260401,16,4,4,0.1,0.2,1.0442646194114757,5.551115123125783e-17,5.6362984031879904e-18,True,20260401,4,4,0.1,0.2
20260401,16,4,4,0.1,0.9,1.0442646194114757,5.551115123125783e-17,8.000790875448369e-18,True,20260401,4,4,0.1,0.9
20260401,16,4,4,0.1,1.6,1.0442646194114757,5.551115123125783e-17,1.0334366645133966e-17,True,20260401,4,4,0.1,1.6
20260401,16,4,4,0.35,0.2,1.0442646194114757,5.551115123125783e-17,8.42628375928578e-18,True,20260401,4,4,0.35,0.2
20260401,16,4,4,0.35,0.9,1.0442646194114757,5.551115123125783e-17,9.685539407537172e-18,True,20260401,4,4,0.35,0.9
20260401,16,4,4,0.35,1.6,1.0442646194114757,1.1102230246251565e-16,1.6083461602464655e-17,True,20260401,4,4,0.35,1.6
20260401,16,4,4,0.8,0.2,1.0442646194114757,2.220446049250313e-16,1.6539730016718972e-17,True,20260401,4,4,0.8,0.2
20260401,16,4,4,0.8,0.9,1.0442646194114757,1.1102230246251565e-16,2.1321513348285248e-17,True,20260401,4,4,0.8,0.9
20260401,16,4,4,0.8,1.6,1.0442646194114757,2.220446049250313e-16,2.0389777106305518e-17,True,20260401,4,4,0.8,1.6
20260401,16,4,5,0.1,0.2,0.8802985854082106,4.85722573273506e-17,3.732930667412852e-18,True,20260401,4,5,0.1,0.2
20260401,16,4,5,0.1,0.9,0.8802985854082106,5.551115123125783e-17,6.4168957329459784e-18,True,20260401,4,5,0.1,0.9
20260401,16,4,5,0.1,1.6,0.8802985854082106,5.551115123125783e-17,9.283706977359733e-18,True,20260401,4,5,0.1,1.6
20260401,16,4,5,0.35,0.2,0.8802985854082106,2.7755575615628914e-17,5.7480785177939826e-18,True,20260401,4,5,0.35,0.2
20260401,16,4,5,0.35,0.9,0.8802985854082106,5.551115123125783e-17,7.004849536066763e-18,True,20260401,4,5,0.35,0.9
20260401,16,4,5,0.35,1.6,0.8802985854082106,1.1102230246251565e-16,9.862399886923871e-18,True,20260401,4,5,0.35,1.6
20260401,16,4,5,0.8,0.2,0.8802985854082106,1.1102230246251565e-16,1.1155310977612835e-17,True,20260401,4,5,0.8,0.2
20260401,16,4,5,0.8,0.9,0.8802985854082106,1.1102230246251565e-16,1.2485039767075786e-17,True,20260401,4,5,0.8,0.9
20260401,16,4,5,0.8,1.6,0.8802985854082106,2.220446049250313e-16,1.5510415579215546e-17,True,20260401,4,5,0.8,1.6
20260402,16,4,3,0.1,0.2,1.0662702819607914,4.163336342344337e-17,5.551642165848519e-18,True,20260402,4,3,0.1,0.2
20260402,16,4,3,0.1,0.9,1.0662702819607914,5.551115123125783e-17,8.986078422648955e-18,True,20260402,4,3,0.1,0.9
20260402,16,4,3,0.1,1.6,1.0662702819607914,1.1102230246251565e-16,1.0703484780593008e-17,True,20260402,4,3,0.1,1.6
20260402,16,4,3,0.35,0.2,1.0662702819607914,8.326672684688674e-17,9.444605591429283e-18,True,20260402,4,3,0.35,0.2
20260402,16,4,3,0.35,0.9,1.0662702819607914,1.1102230246251565e-16,1.133819480240223e-17,True,20260402,4,3,0.35,0.9
20260402,16,4,3,0.35,1.6,1.0662702819607914,2.220446049250313e-16,1.9862734383569508e-17,True,20260402,4,3,0.35,1.6
20260402,16,4,3,0.8,0.2,1.0662702819607914,4.440892098500626e-16,2.1301184557551145e-17,True,20260402,4,3,0.8,0.2
20260402,16,4,3,0.8,0.9,1.0662702819607914,2.220446049250313e-16,2.5855210141077933e-17,True,20260402,4,3,0.8,0.9
20260402,16,4,3,0.8,1.6,1.0662702819607914,1.1102230246251565e-16,1.7669483738812374e-17,True,20260402,4,3,0.8,1.6
20260402,16,4,4,0.1,0.2,1.0442646194114757,5.551115123125783e-17,5.685991002760242e-18,True,20260402,4,4,0.1,0.2
20260402,16,4,4,0.1,0.9,1.0442646194114757,5.551115123125783e-17,7.991755857344324e-18,True,20260402,4,4,0.1,0.9
20260402,16,4,4,0.1,1.6,1.0442646194114757,5.551115123125783e-17,1.1034580548197522e-17,True,20260402,4,4,0.1,1.6
20260402,16,4,4,0.35,0.2,1.0442646194114757,5.551115123125783e-17,8.466941340753986e-18,True,20260402,4,4,0.35,0.2
20260402,16,4,4,0.35,0.9,1.0442646194114757,5.551115123125783e-17,1.02818506024042e-17,True,20260402,4,4,0.35,0.9
20260402,16,4,4,0.35,1.6,1.0442646194114757,1.1102230246251565e-16,1.6318372073169846e-17,True,20260402,4,4,0.35,1.6
20260402,16,4,4,0.8,0.2,1.0442646194114757,2.220446049250313e-16,1.6345477127481984e-17,True,20260402,4,4,0.8,0.2
20260402,16,4,4,0.8,0.9,1.0442646194114757,1.1102230246251565e-16,2.072520215341822e-17,True,20260402,4,4,0.8,0.9
20260402,16,4,4,0.8,1.6,1.0442646194114757,2.220446049250313e-16,2.051626735976216e-17,True,20260402,4,4,0.8,1.6
20260402,16,4,5,0.1,0.2,0.8802985854082106,4.85722573273506e-17,3.6845933205562065e-18,True,20260402,4,5,0.1,0.2
20260402,16,4,5,0.1,0.9,0.8802985854082106,5.551115123125783e-17,6.260138168840783e-18,True,20260402,4,5,0.1,0.9
20260402,16,4,5,0.1,1.6,0.8802985854082106,5.551115123125783e-17,9.24575990132274e-18,True,20260402,4,5,0.1,1.6
20260402,16,4,5,0.35,0.2,0.8802985854082106,2.7755575615628914e-17,5.907998338235595e-18,True,20260402,4,5,0.35,0.2
20260402,16,4,5,0.35,0.9,0.8802985854082106,5.551115123125783e-17,6.872034769937289e-18,True,20260402,4,5,0.35,0.9
20260402,16,4,5,0.35,1.6,0.8802985854082106,5.551115123125783e-17,9.874145410459131e-18,True,20260402,4,5,0.35,1.6
20260402,16,4,5,0.8,0.2,0.8802985854082106,1.1102230246251565e-16,1.134143235055618e-17,True,20260402,4,5,0.8,0.2
20260402,16,4,5,0.8,0.9,0.8802985854082106,1.1102230246251565e-16,1.1809220412893155e-17,True,20260402,4,5,0.8,0.9
20260402,16,4,5,0.8,1.6,0.8802985854082106,2.220446049250313e-16,1.5561011680598203e-17,True,20260402,4,5,0.8,1.6
20260403,16,4,3,0.1,0.2,1.0662702819607914,4.163336342344337e-17,5.425151912391876e-18,True,20260403,4,3,0.1,0.2
20260403,16,4,3,0.1,0.9,1.0662702819607914,5.551115123125783e-17,8.8897048962058e-18,True,20260403,4,3,0.1,0.9
20260403,16,4,3,0.1,1.6,1.0662702819607914,1.1102230246251565e-16,1.1354006084084311e-17,True,20260403,4,3,0.1,1.6
20260403,16,4,3,0.35,0.2,1.0662702819607914,8.326672684688674e-17,9.492792354650861e-18,True,20260403,4,3,0.35,0.2
20260403,16,4,3,0.35,0.9,1.0662702819607914,1.1102230246251565e-16,1.1121354367905129e-17,True,20260403,4,3,0.35,0.9
20260403,16,4,3,0.35,1.6,1.0662702819607914,2.220446049250313e-16,2.0585535831893177e-17,True,20260403,4,3,0.35,1.6
20260403,16,4,3,0.8,0.2,1.0662702819607914,4.440892098500626e-16,1.9855581660903805e-17,True,20260403,4,3,0.8,0.2
20260403,16,4,3,0.8,0.9,1.0662702819607914,2.220446049250313e-16,2.5060128547921895e-17,True,20260403,4,3,0.8,0.9
20260403,16,4,3,0.8,1.6,1.0662702819607914,1.1102230246251565e-16,1.9090993253848925e-17,True,20260403,4,3,0.8,1.6
20260403,16,4,4,0.1,0.2,1.0442646194114757,5.551115123125783e-17,5.826033783372954e-18,True,20260403,4,4,0.1,0.2
20260403,16,4,4,0.1,0.9,1.0442646194114757,5.551115123125783e-17,7.829125531471498e-18,True,20260403,4,4,0.1,0.9
20260403,16,4,4,0.1,1.6,1.0442646194114757,5.551115123125783e-17,1.0980370439573247e-17,True,20260403,4,4,0.1,1.6
20260403,16,4,4,0.35,0.2,1.0442646194114757,5.551115123125783e-17,8.277205960569023e-18,True,20260403,4,4,0.35,0.2
20260403,16,4,4,0.35,0.9,1.0442646194114757,5.551115123125783e-17,1.0137290312739466e-17,True,20260403,4,4,0.35,0.9
20260403,16,4,4,0.35,1.6,1.0442646194114757,1.6653345369377348e-16,1.7547134535320086e-17,True,20260403,4,4,0.35,1.6
20260403,16,4,4,0.8,0.2,1.0442646194114757,2.220446049250313e-16,1.644486232662649e-17,True,20260403,4,4,0.8,0.2
20260403,16,4,4,0.8,0.9,1.0442646194114757,1.1102230246251565e-16,2.1005287714643644e-17,True,20260403,4,4,0.8,0.9
20260403,16,4,4,0.8,1.6,1.0442646194114757,2.220446049250313e-16,2.1419769170166747e-17,True,20260403,4,4,0.8,1.6
20260403,16,4,5,0.1,0.2,0.8802985854082106,4.85722573273506e-17,3.867100686257933e-18,True,20260403,4,5,0.1,0.2
20260403,16,4,5,0.1,0.9,0.8802985854082106,5.551115123125783e-17,6.2529101543575456e-18,True,20260403,4,5,0.1,0.9
20260403,16,4,5,0.1,1.6,0.8802985854082106,5.551115123125783e-17,9.195163799940084e-18,True,20260403,4,5,0.1,1.6
20260403,16,4,5,0.35,0.2,0.8802985854082106,2.7755575615628914e-17,6.056172635141947e-18,True,20260403,4,5,0.35,0.2
20260403,16,4,5,0.35,0.9,0.8802985854082106,5.551115123125783e-17,7.052735132018206e-18,True,20260403,4,5,0.35,0.9
20260403,16,4,5,0.35,1.6,0.8802985854082106,5.551115123125783e-17,9.559726780438334e-18,True,20260403,4,5,0.35,1.6
20260403,16,4,5,0.8,0.2,0.8802985854082106,1.1102230246251565e-16,1.1225784118824393e-17,True,20260403,4,5,0.8,0.2
20260403,16,4,5,0.8,0.9,0.8802985854082106,1.1102230246251565e-16,1.2206761209471174e-17,True,20260403,4,5,0.8,0.9
20260403,16,4,5,0.8,1.6,0.8802985854082106,1.1102230246251565e-16,1.423105701568265e-17,True,20260403,4,5,0.8,1.6
20260404,16,4,3,0.1,0.2,1.0662702819607914,4.163336342344337e-17,5.5100904940471e-18,True,20260404,4,3,0.1,0.2
20260404,16,4,3,0.1,0.9,1.0662702819607914,5.551115123125783e-17,8.641336013116455e-18,True,20260404,4,3,0.1,0.9
20260404,16,4,3,0.1,1.6,1.0662702819607914,1.1102230246251565e-16,1.0968935494785314e-17,True,20260404,4,3,0.1,1.6
20260404,16,4,3,0.35,0.2,1.0662702819607914,8.326672684688674e-17,9.381501636858838e-18,True,20260404,4,3,0.35,0.2
20260404,16,4,3,0.35,0.9,1.0662702819607914,1.1102230246251565e-16,1.0889173225585533e-17,True,20260404,4,3,0.35,0.9
20260404,16,4,3,0.35,1.6,1.0662702819607914,2.220446049250313e-16,1.873345123533569e-17,True,20260404,4,3,0.35,1.6
20260404,16,4,3,0.8,0.2,1.0662702819607914,4.440892098500626e-16,1.8704746229900964e-17,True,20260404,4,3,0.8,0.2
20260404,16,4,3,0.8,0.9,1.0662702819607914,2.220446049250313e-16,2.3667324038320075e-17,True,20260404,4,3,0.8,0.9
20260404,16,4,3,0.8,1.6,1.0662702819607914,1.1102230246251565e-16,1.9235930002601326e-17,True,20260404,4,3,0.8,1.6
20260404,16,4,4,0.1,0.2,1.0442646194114757,5.551115123125783e-17,6.052615096763479e-18,True,20260404,4,4,0.1,0.2
20260404,16,4,4,0.1,0.9,1.0442646194114757,5.551115123125783e-17,7.418808654605728e-18,True,20260404,4,4,0.1,0.9
20260404,16,4,4,0.1,1.6,1.0442646194114757,5.551115123125783e-17,1.1032886482303014e-17,True,20260404,4,4,0.1,1.6
20260404,16,4,4,0.35,0.2,1.0442646194114757,5.551115123125783e-17,8.60458419468281e-18,True,20260404,4,4,0.35,0.2
20260404,16,4,4,0.35,0.9,1.0442646194114757,5.551115123125783e-17,9.743561164424092e-18,True,20260404,4,4,0.35,0.9
20260404,16,4,4,0.35,1.6,1.0442646194114757,1.6653345369377348e-16,1.7123618061692936e-17,True,20260404,4,4,0.35,1.6
20260404,16,4,4,0.8,0.2,1.0442646194114757,2.220446049250313e-16,1.6802027886052052e-17,True,20260404,4,4,0.8,0.2
20260404,16,4,4,0.8,0.9,1.0442646194114757,1.1102230246251565e-16,2.0760212848571397e-17,True,20260404,4,4,0.8,0.9
20260404,16,4,4,0.8,1.6,1.0442646194114757,2.220446049250313e-16,2.1502496054681918e-17,True,20260404,4,4,0.8,1.6
20260404,16,4,5,0.1,0.2,0.8802985854082106,4.85722573273506e-17,3.8882094531642994e-18,True,20260404,4,5,0.1,0.2
20260404,16,4,5,0.1,0.9,0.8802985854082106,5.551115123125783e-17,6.030676943429592e-18,True,20260404,4,5,0.1,0.9
20260404,16,4,5,0.1,1.6,0.8802985854082106,5.551115123125783e-17,9.20261768987592e-18,True,20260404,4,5,0.1,1.6
20260404,16,4,5,0.35,0.2,0.8802985854082106,2.7755575615628914e-17,6.14009948299906e-18,True,20260404,4,5,0.35,0.2
20260404,16,4,5,0.35,0.9,0.8802985854082106,5.551115123125783e-17,6.909953611542706e-18,True,20260404,4,5,0.35,0.9
20260404,16,4,5,0.35,1.6,0.8802985854082106,5.551115123125783e-17,9.306492163640873e-18,True,20260404,4,5,0.35,1.6
20260404,16,4,5,0.8,0.2,0.8802985854082106,1.1102230246251565e-16,1.0952192476861254e-17,True,20260404,4,5,0.8,0.2
20260404,16,4,5,0.8,0.9,0.8802985854082106,1.1102230246251565e-16,1.2077645153878042e-17,True,20260404,4,5,0.8,0.9
20260404,16,4,5,0.8,1.6,0.8802985854082106,1.1102230246251565e-16,1.4043890968771024e-17,True,20260404,4,5,0.8,1.6
20260405,16,4,3,0.1,0.2,1.0662702819607914,4.163336342344337e-17,5.763823919135721e-18,True,20260405,4,3,0.1,0.2
20260405,16,4,3,0.1,0.9,1.0662702819607914,5.551115123125783e-17,9.28583397120506e-18,True,20260405,4,3,0.1,0.9
20260405,16,4,3,0.1,1.6,1.0662702819607914,1.1102230246251565e-16,1.239646835522456e-17,True,20260405,4,3,0.1,1.6
20260405,16,4,3,0.35,0.2,1.0662702819607914,8.326672684688674e-17,9.279104765012985e-18,True,20260405,4,3,0.35,0.2
20260405,16,4,3,0.35,0.9,1.0662702819607914,1.1102230246251565e-16,1.150957780206335e-17,True,20260405,4,3,0.35,0.9
20260405,16,4,3,0.35,1.6,1.0662702819607914,2.220446049250313e-16,1.948034606527015e-17,True,20260405,4,3,0.35,1.6
20260405,16,4,3,0.8,0.2,1.0662702819607914,4.440892098500626e-16,1.9331174151781477e-17,True,20260405,4,3,0.8,0.2
20260405,16,4,3,0.8,0.9,1.0662702819607914,2.220446049250313e-16,2.5971253654851772e-17,True,20260405,4,3,0.8,0.9
20260405,16,4,3,0.8,1.6,1.0662702819607914,1.1102230246251565e-16,2.032013217508683e-17,True,20260405,4,3,0.8,1.6
20260405,16,4,4,0.1,0.2,1.0442646194114757,5.551115123125783e-17,6.185881613798155e-18,True,20260405,4,4,0.1,0.2
20260405,16,4,4,0.1,0.9,1.0442646194114757,5.551115123125783e-17,7.56111018974445e-18,True,20260405,4,4,0.1,0.9
20260405,16,4,4,0.1,1.6,1.0442646194114757,5.551115123125783e-17,1.1272314462060229e-17,True,20260405,4,4,0.1,1.6
20260405,16,4,4,0.35,0.2,1.0442646194114757,5.551115123125783e-17,8.434612916600448e-18,True,20260405,4,4,0.35,0.2
20260405,16,4,4,0.35,0.9,1.0442646194114757,5.551115123125783e-17,9.911838376611947e-18,True,20260405,4,4,0.35,0.9
20260405,16,4,4,0.35,1.6,1.0442646194114757,1.6653345369377348e-16,1.6902260118143813e-17,True,20260405,4,4,0.35,1.6
20260405,16,4,4,0.8,0.2,1.0442646194114757,2.220446049250313e-16,1.678169909531795e-17,True,20260405,4,4,0.8,0.2
20260405,16,4,4,0.8,0.9,1.0442646194114757,1.1102230246251565e-16,2.023618179853674e-17,True,20260405,4,4,0.8,0.9
20260405,16,4,4,0.8,1.6,1.0442646194114757,2.220446049250313e-16,2.2085254722392877e-17,True,20260405,4,4,0.8,1.6
20260405,16,4,5,0.1,0.2,0.8802985854082106,4.85722573273506e-17,3.985787648687995e-18,True,20260405,4,5,0.1,0.2
20260405,16,4,5,0.1,0.9,0.8802985854082106,5.551115123125783e-17,6.158974200507044e-18,True,20260405,4,5,0.1,0.9
20260405,16,4,5,0.1,1.6,0.8802985854082106,5.551115123125783e-17,9.24959978401696e-18,True,20260405,4,5,0.1,1.6
20260405,16,4,5,0.35,0.2,0.8802985854082106,2.7755575615628914e-17,6.481623167331994e-18,True,20260405,4,5,0.35,0.2
20260405,16,4,5,0.35,0.9,0.8802985854082106,5.551115123125783e-17,7.14125007500628e-18,True,20260405,4,5,0.35,0.9
20260405,16,4,5,0.35,1.6,0.8802985854082106,5.551115123125783e-17,9.595612742970341e-18,True,20260405,4,5,0.35,1.6
20260405,16,4,5,0.8,0.2,0.8802985854082106,1.1102230246251565e-16,1.1908097392269307e-17,True,20260405,4,5,0.8,0.2
20260405,16,4,5,0.8,0.9,0.8802985854082106,1.1102230246251565e-16,1.2771534544268766e-17,True,20260405,4,5,0.8,0.9
20260405,16,4,5,0.8,1.6,0.8802985854082106,1.1102230246251565e-16,1.4506483895698174e-17,True,20260405,4,5,0.8,1.6
20260406,16,4,3,0.1,0.2,1.0662702819607914,4.163336342344337e-17,6.143294679505648e-18,True,20260406,4,3,0.1,0.2
20260406,16,4,3,0.1,0.9,1.0662702819607914,5.551115123125783e-17,9.37618415224552e-18,True,20260406,4,3,0.1,0.9
20260406,16,4,3,0.1,1.6,1.0662702819607914,1.1102230246251565e-16,1.2221791338546342e-17,True,20260406,4,3,0.1,1.6
20260406,16,4,3,0.35,0.2,1.0662702819607914,8.326672684688674e-17,9.327291528234563e-18,True,20260406,4,3,0.35,0.2
20260406,16,4,3,0.35,0.9,1.0662702819607914,1.1102230246251565e-16,1.2425126303273332e-17,True,20260406,4,3,0.35,0.9
20260406,16,4,3,0.35,1.6,1.0662702819607914,2.220446049250313e-16,2.092594896191749e-17,True,20260406,4,3,0.35,1.6
20260406,16,4,3,0.8,0.2,1.0662702819607914,4.440892098500626e-16,1.995760207366199e-17,True,20260406,4,3,0.8,0.2
20260406,16,4,3,0.8,0.9,1.0662702819607914,2.220446049250313e-16,2.6995222373310302e-17,True,20260406,4,3,0.8,0.9
20260406,16,4,3,0.8,1.6,1.0662702819607914,1.1102230246251565e-16,2.2199415940728373e-17,True,20260406,4,3,0.8,1.6
20260406,16,4,4,0.1,0.2,1.0442646194114757,5.551115123125783e-17,6.227950916845119e-18,True,20260406,4,4,0.1,0.2
20260406,16,4,4,0.1,0.9,1.0442646194114757,5.551115123125783e-17,7.781338756030568e-18,True,20260406,4,4,0.1,0.9
20260406,16,4,4,0.1,1.6,1.0442646194114757,5.551115123125783e-17,1.1124366040606478e-17,True,20260406,4,4,0.1,1.6
20260406,16,4,4,0.35,0.2,1.0442646194114757,5.551115123125783e-17,8.102576001276762e-18,True,20260406,4,4,0.35,0.2
20260406,16,4,4,0.35,0.9,1.0442646194114757,5.551115123125783e-17,1.024161653740962e-17,True,20260406,4,4,0.35,0.9
20260406,16,4,4,0.35,1.6,1.0442646194114757,1.6653345369377348e-16,1.6981316526554213e-17,True,20260406,4,4,0.35,1.6
20260406,16,4,4,0.8,0.2,1.0442646194114757,2.220446049250313e-16,1.6761370304583846e-17,True,20260406,4,4,0.8,0.2
20260406,16,4,4,0.8,0.9,1.0442646194114757,1.1102230246251565e-16,1.897579677302234e-17,True,20260406,4,4,0.8,0.9
20260406,16,4,4,0.8,1.6,1.0442646194114757,2.220446049250313e-16,2.096942998654321e-17,True,20260406,4,4,0.8,1.6
20260406,16,4,5,0.1,0.2,0.8802985854082106,4.85722573273506e-17,3.95326158351343e-18,True,20260406,4,5,0.1,0.2
20260406,16,4,5,0.1,0.9,0.8802985854082106,8.326672684688674e-17,6.498690881219169e-18,True,20260406,4,5,0.1,0.9
20260406,16,4,5,0.1,1.6,0.8802985854082106,1.1102230246251565e-16,1.021453971752906e-17,True,20260406,4,5,0.1,1.6
20260406,16,4,5,0.35,0.2,0.8802985854082106,5.551115123125783e-17,6.712919630795568e-18,True,20260406,4,5,0.35,0.2
20260406,16,4,5,0.35,0.9,0.8802985854082106,5.551115123125783e-17,7.387002567436328e-18,True,20260406,4,5,0.35,0.9
20260406,16,4,5,0.35,1.6,0.8802985854082106,5.551115123125783e-17,9.0751957001773e-18,True,20260406,4,5,0.35,1.6
20260406,16,4,5,0.8,0.2,0.8802985854082106,2.220446049250313e-16,1.2789915159224183e-17,True,20260406,4,5,0.8,0.2
20260406,16,4,5,0.8,0.9,0.8802985854082106,1.1102230246251565e-16,1.381236862985485e-17,True,20260406,4,5,0.8,0.9
20260406,16,4,5,0.8,1.6,0.8802985854082106,1.1102230246251565e-16,1.4477571837765226e-17,True,20260406,4,5,0.8,1.6
20260407,16,4,3,0.1,0.2,1.0662702819607914,4.163336342344337e-17,6.253408962648707e-18,True,20260407,4,3,0.1,0.2
20260407,16,4,3,0.1,0.9,1.0662702819607914,5.551115123125783e-17,9.329503225374616e-18,True,20260407,4,3,0.1,0.9
20260407,16,4,3,0.1,1.6,1.0662702819607914,1.1102230246251565e-16,1.4221542012241826e-17,True,20260407,4,3,0.1,1.6
20260407,16,4,3,0.35,0.2,1.0662702819607914,5.551115123125783e-17,9.03666511255442e-18,True,20260407,4,3,0.35,0.2
20260407,16,4,3,0.35,0.9,1.0662702819607914,1.1102230246251565e-16,1.3411449112965007e-17,True,20260407,4,3,0.35,0.9
20260407,16,4,3,0.35,1.6,1.0662702819607914,2.220446049250313e-16,2.1766205645593756e-17,True,20260407,4,3,0.35,1.6
20260407,16,4,3,0.8,0.2,1.0662702819607914,4.440892098500626e-16,1.858879683089904e-17,True,20260407,4,3,0.8,0.2
20260407,16,4,3,0.8,0.9,1.0662702819607914,2.220446049250313e-16,2.7794821475518365e-17,True,20260407,4,3,0.8,0.9
20260407,16,4,3,0.8,1.6,1.0662702819607914,2.220446049250313e-16,2.3506481893113674e-17,True,20260407,4,3,0.8,1.6
20260407,16,4,4,0.1,0.2,1.0442646194114757,5.551115123125783e-17,6.152000295907983e-18,True,20260407,4,4,0.1,0.2
20260407,16,4,4,0.1,0.9,1.0442646194114757,5.551115123125783e-17,7.546710629641127e-18,True,20260407,4,4,0.1,0.9
20260407,16,4,4,0.1,1.6,1.0442646194114757,5.551115123125783e-17,1.0577747445311703e-17,True,20260407,4,4,0.1,1.6
20260407,16,4,4,0.35,0.2,1.0442646194114757,5.551115123125783e-17,7.544663633351928e-18,True,20260407,4,4,0.35,0.2
20260407,16,4,4,0.35,0.9,1.0442646194114757,5.551115123125783e-17,9.950237203554141e-18,True,20260407,4,4,0.35,0.9
20260407,16,4,4,0.35,1.6,1.0442646194114757,1.6653345369377348e-16,1.6151224238245e-17,True,20260407,4,4,0.35,1.6
20260407,16,4,4,0.8,0.2,1.0442646194114757,2.220446049250313e-16,1.6991763266237015e-17,True,20260407,4,4,0.8,0.2
20260407,16,4,4,0.8,0.9,1.0442646194114757,1.1102230246251565e-16,1.7460172486068643e-17,True,20260407,4,4,0.8,0.9
20260407,16,4,4,0.8,1.6,1.0442646194114757,2.220446049250313e-16,1.9434606286118417e-17,True,20260407,4,4,0.8,1.6
20260407,16,4,5,0.1,0.2,0.8802985854082106,4.85722573273506e-17,3.967294096006276e-18,True,20260407,4,5,0.1,0.2
20260407,16,4,5,0.1,0.9,0.8802985854082106,1.1102230246251565e-16,6.760706406236499e-18,True,20260407,4,5,0.1,0.9
20260407,16,4,5,0.1,1.6,0.8802985854082106,1.1102230246251565e-16,9.873016033196125e-18,True,20260407,4,5,0.1,1.6
20260407,16,4,5,0.35,0.2,0.8802985854082106,5.551115123125783e-17,6.722180524352215e-18,True,20260407,4,5,0.35,0.2
20260407,16,4,5,0.35,0.9,0.8802985854082106,1.1102230246251565e-16,7.656246106936895e-18,True,20260407,4,5,0.35,0.9
20260407,16,4,5,0.35,1.6,0.8802985854082106,1.1102230246251565e-16,9.094395113648397e-18,True,20260407,4,5,0.35,1.6
20260407,16,4,5,0.8,0.2,0.8802985854082106,2.220446049250313e-16,1.3003367461932267e-17,True,20260407,4,5,0.8,0.2
20260407,16,4,5,0.8,0.9,0.8802985854082106,1.1102230246251565e-16,1.4609708977536896e-17,True,20260407,4,5,0.8,0.9
20260407,16,4,5,0.8,1.6,0.8802985854082106,2.220446049250313e-16,1.5433702628625882e-17,True,20260407,4,5,0.8,1.6
20260408,16,4,3,0.1,0.2,1.0662702819607914,4.163336342344337e-17,6.096801982178578e-18,True,20260408,4,3,0.1,0.2
20260408,16,4,3,0.1,0.9,1.0662702819607914,5.551115123125783e-17,9.329503225374616e-18,True,20260408,4,3,0.1,0.9
20260408,16,4,3,0.1,1.6,1.0662702819607914,1.1102230246251565e-16,1.4920250078954708e-17,True,20260408,4,3,0.1,1.6
20260408,16,4,3,0.35,0.2,1.0662702819607914,5.551115123125783e-17,9.638999652824145e-18,True,20260408,4,3,0.35,0.2
20260408,16,4,3,0.35,0.9,1.0662702819607914,1.1102230246251565e-16,1.3652382929072896e-17,True,20260408,4,3,0.35,0.9
20260408,16,4,3,0.35,1.6,1.0662702819607914,2.220446049250313e-16,2.2754034291636105e-17,True,20260408,4,3,0.35,1.6
20260408,16,4,3,0.8,0.2,1.0662702819607914,4.440892098500626e-16,1.97693725298277e-17,True,20260408,4,3,0.8,0.2
20260408,16,4,3,0.8,0.9,1.0662702819607914,2.220446049250313e-16,2.827668910773414e-17,True,20260408,4,3,0.8,0.9
20260408,16,4,3,0.8,1.6,1.0662702819607914,2.220446049250313e-16,2.5723073001306262e-17,True,20260408,4,3,0.8,1.6
20260408,16,4,4,0.1,0.2,1.0442646194114757,5.551115123125783e-17,5.661850563763495e-18,True,20260408,4,4,0.1,0.2
20260408,16,4,4,0.1,0.9,1.0442646194114757,5.551115123125783e-17,7.239520014103567e-18,True,20260408,4,4,0.1,0.9
20260408,16,4,4,0.1,1.6,1.0442646194114757,5.551115123125783e-17,1.003564635906895e-17,True,20260408,4,4,0.1,1.6
20260408,16,4,4,0.35,0.2,1.0442646194114757,5.551115123125783e-17,7.553698651455975e-18,True,20260408,4,4,0.35,0.2
20260408,16,4,4,0.35,0.9,1.0442646194114757,5.551115123125783e-17,9.914097131137958e-18,True,20260408,4,4,0.35,0.9
20260408,16,4,4,0.35,1.6,1.0442646194114757,1.6653345369377348e-16,1.553684300716988e-17,True,20260408,4,4,0.35,1.6
20260408,16,4,4,0.8,0.2,1.0442646194114757,2.220446049250313e-16,1.690141308519656e-17,True,20260408,4,4,0.8,0.2
20260408,16,4,4,0.8,0.9,1.0442646194114757,1.1102230246251565e-16,1.6267550096334588e-17,True,20260408,4,4,0.8,0.9
20260408,16,4,4,0.8,1.6,1.0442646194114757,2.220446049250313e-16,1.914548570678895e-17,True,20260408,4,4,0.8,1.6
20260408,16,4,5,0.1,0.2,0.8802985854082106,4.85722573273506e-17,3.902241965657146e-18,True,20260408,4,5,0.1,0.2
20260408,16,4,5,0.1,0.9,0.8802985854082106,1.1102230246251565e-16,6.551093986222635e-18,True,20260408,4,5,0.1,0.9
20260408,16,4,5,0.1,1.6,0.8802985854082106,1.1102230246251565e-16,9.269476823845861e-18,True,20260408,4,5,0.1,1.6
20260408,16,4,5,0.35,0.2,0.8802985854082106,5.551115123125783e-17,6.5631642057210086e-18,True,20260408,4,5,0.35,0.2
20260408,16,4,5,0.35,0.9,0.8802985854082106,1.1102230246251565e-16,7.634562063487185e-18,True,20260408,4,5,0.35,0.9
20260408,16,4,5,0.35,1.6,0.8802985854082106,1.1102230246251565e-16,9.278709482970933e-18,True,20260408,4,5,0.35,1.6
20260408,16,4,5,0.8,0.2,0.8802985854082106,2.220446049250313e-16,1.2360074172924202e-17,True,20260408,4,5,0.8,0.2
20260408,16,4,5,0.8,0.9,0.8802985854082106,1.1102230246251565e-16,1.4898829556866366e-17,True,20260408,4,5,0.8,0.9
20260408,16,4,5,0.8,1.6,0.8802985854082106,2.220446049250313e-16,1.5679455121055928e-17,True,20260408,4,5,0.8,1.6
20260409,16,4,3,0.1,0.2,1.0662702819607914,4.163336342344337e-17,5.904054929292266e-18,True,20260409,4,3,0.1,0.2
20260409,16,4,3,0.1,0.9,1.0662702819607914,5.551115123125783e-17,9.353596606985404e-18,True,20260409,4,3,0.1,0.9
20260409,16,4,3,0.1,1.6,1.0662702819607914,1.1102230246251565e-16,1.513709051345181e-17,True,20260409,4,3,0.1,1.6
20260409,16,4,3,0.35,0.2,1.0662702819607914,5.551115123125783e-17,9.145085329802971e-18,True,20260409,4,3,0.35,0.2
20260409,16,4,3,0.35,0.9,1.0662702819607914,1.1102230246251565e-16,1.3796943218737629e-17,True,20260409,4,3,0.35,0.9
20260409,16,4,3,0.35,1.6,1.0662702819607914,2.220446049250313e-16,2.285040781807926e-17,True,20260409,4,3,0.35,1.6
20260409,16,4,3,0.8,0.2,1.0662702819607914,4.440892098500626e-16,1.9191131371168767e-17,True,20260409,4,3,0.8,0.2
20260409,16,4,3,0.8,0.9,1.0662702819607914,2.220446049250313e-16,2.6493778868535756e-17,True,20260409,4,3,0.8,0.9
20260409,16,4,3,0.8,1.6,1.0662702819607914,2.220446049250313e-16,2.745779647728307e-17,True,20260409,4,3,0.8,1.6
20260409,16,4,4,0.1,0.2,1.0442646194114757,5.551115123125783e-17,5.826739644162332e-18,True,20260409,4,4,0.1,0.2
20260409,16,4,4,0.1,0.9,1.0442646194114757,5.551115123125783e-17,7.040749615814558e-18,True,20260409,4,4,0.1,0.9
20260409,16,4,4,0.1,1.6,1.0442646194114757,1.1102230246251565e-16,1.0600334990571817e-17,True,20260409,4,4,0.1,1.6
20260409,16,4,4,0.35,0.2,1.0442646194114757,1.1102230246251565e-16,7.784091613109145e-18,True,20260409,4,4,0.35,0.2
20260409,16,4,4,0.35,0.9,1.0442646194114757,1.1102230246251565e-16,9.697256696640857e-18,True,20260409,4,4,0.35,0.9
20260409,16,4,4,0.35,1.6,1.0442646194114757,1.6653345369377348e-16,1.496763686661499e-17,True,20260409,4,4,0.35,1.6
20260409,16,4,4,0.8,0.2,1.0442646194114757,2.220446049250313e-16,1.6910448103300602e-17,True,20260409,4,4,0.8,0.2
20260409,16,4,4,0.8,0.9,1.0442646194114757,2.220446049250313e-16,1.5824834209236343e-17,True,20260409,4,4,0.8,0.9
20260409,16,4,4,0.8,1.6,1.0442646194114757,2.220446049250313e-16,1.8531104475713832e-17,True,20260409,4,4,0.8,1.6
20260409,16,4,5,0.1,0.2,0.8802985854082106,4.85722573273506e-17,3.892529321195297e-18,True,20260409,4,5,0.1,0.2
20260409,16,4,5,0.1,0.9,0.8802985854082106,1.1102230246251565e-16,7.441043269471153e-18,True,20260409,4,5,0.1,0.9
20260409,16,4,5,0.1,1.6,0.8802985854082106,1.1102230246251565e-16,9.132144548664364e-18,True,20260409,4,5,0.1,1.6
20260409,16,4,5,0.35,0.2,0.8802985854082106,5.551115123125783e-17,6.667518664822738e-18,True,20260409,4,5,0.35,0.2
20260409,16,4,5,0.35,0.9,0.8802985854082106,1.1102230246251565e-16,7.398748090971588e-18,True,20260409,4,5,0.35,0.9
20260409,16,4,5,0.35,1.6,0.8802985854082106,2.220446049250313e-16,1.0371946673560482e-17,True,20260409,4,5,0.35,1.6
20260409,16,4,5,0.8,0.2,0.8802985854082106,2.220446049250313e-16,1.2201961356103398e-17,True,20260409,4,5,0.8,0.2
20260409,16,4,5,0.8,0.9,0.8802985854082106,1.1102230246251565e-16,1.5074108908084854e-17,True,20260409,4,5,0.8,0.9
20260409,16,4,5,0.8,1.6,0.8802985854082106,2.220446049250313e-16,1.6760946788110218e-17,True,20260409,4,5,0.8,1.6
