n,epsilon,dS_hor_avg,dQ_in,dQ_avg,S_ens,dS_ens,jump_rate_emp,Lambda_w,Lambda_unw,Coh_ptr_w,layer_mean
0,0.15,0.009899999999999999,0.0022591718370620476,-0.0022591718370620476,0.09511177143502214,0.09511177143502325,0.01375,-0.024271590678564502,-0.10864961262589054,0.9704194543754645,0.0825
1,0.15,0.0063,-0.0006773768515031383,0.0006773768515031383,0.14630453433393717,0.05119276289891503,0.00875,-0.024271590678564502,-0.10768567436431738,0.9704194543754645,0.135
2,0.15,0.0072,0.0005140761165010005,-0.0005140761165010005,0.2019226033211703,0.05561806898723312,0.01,-0.024271590678564502,-0.10658403063680517,0.9704194543754645,0.195
3,0.15,0.005399999999999999,0.002877277780875985,-0.002877277780875985,0.2445929231400068,0.04267031981883651,0.0075,-0.024271590678564502,-0.10575779784117102,0.9704194543754645,0.24
4,0.15,0.0045000000000000005,0.0018595903344763008,-0.0018595903344763008,0.2774989565265845,0.032906033386577715,0.00625,-0.024271590678564502,-0.1050692705114759,0.9704194543754647,0.2775
5,0.15,0.0036,-0.0004289677079518212,0.0004289677079518212,0.3019225899207718,0.024423633394187294,0.005,-0.024271590678564502,-0.1045184486477198,0.9704194543754645,0.3075
6,0.15,0.0072,-0.002974713097472664,0.002974713097472664,0.35113676719889514,0.04921417727812333,0.01,-0.024271590678564502,-0.1034168049202076,0.9704194543754645,0.3675
7,0.15,0.0072,0.004654131026379186,-0.004654131026379186,0.39731544009594005,0.046178672897044915,0.01,-0.024271590678564502,-0.1023151611926954,0.9704194543754645,0.4275
8,0.15,0.0063,0.0024401380594024206,-0.0024401380594024206,0.4375576807138443,0.04024224061790427,0.00875,-0.024271590678564502,-0.10135122293112224,0.9704194543754645,0.48
9,0.15,0.0054,0.0020182703577656686,-0.0020182703577656686,0.47286339245139875,0.035305711737554424,0.0075,-0.024271590678564502,-0.10052499013548809,0.9704194543754647,0.525
10,0.15,0.0063,0.002053355911552528,-0.002053355911552528,0.5109290318058827,0.03806563935448393,0.00875,-0.024271590678564502,-0.09956105187391492,0.9704194543754645,0.5775
11,0.15,0.009899999999999999,0.0036543355902286146,-0.0036543355902286146,0.5690424739557195,0.058113442149836825,0.01375,-0.024271590678564502,-0.09804629174858565,0.9704194543754645,0.66
12,0.15,0.0045,-0.0009457479946810227,0.0009457479946810227,0.5945581941705732,0.02551572021485371,0.00625,-0.024271590678564502,-0.09735776441889052,0.9704194543754647,0.6975
13,0.15,0.009899999999999999,0.004475368853217584,-0.004475368853217584,0.652024800560778,0.057466606390204844,0.01375,-0.024271590678564502,-0.09584300429356124,0.9704194543754647,0.78
14,0.15,0.009000000000000001,0.0019642810677918078,-0.0019642810677918078,0.7016914899345927,0.04966668937381469,0.0125,-0.024271590678564502,-0.094465949634171,0.9704194543754645,0.855
15,0.15,0.0045,-0.001516145226804792,0.001516145226804792,0.7255277328731949,0.023836242938602203,0.00625,-0.024271590678564502,-0.09377742230447586,0.9704194543754647,0.8925
16,0.15,0.0027,0.001523285836484128,-0.001523285836484128,0.7394886853711162,0.013960952497921286,0.00375,-0.024271590678564502,-0.0933643059066588,0.9704194543754645,0.915
17,0.15,0.0054,0.0001770012698789092,-0.0001770012698789092,0.7675975109112047,0.028108825540088422,0.0075,-0.024271590678564502,-0.09253807311102465,0.9704194543754647,0.96
18,0.15,0.0027,0.0022568997616515545,-0.0022568997616515545,0.7812960987366624,0.013698587825457742,0.00375,-0.024271590678564502,-0.09212495671320758,0.9704194543754645,0.9825
19,0.15,0.0027,-0.001530071974035628,0.001530071974035628,0.7949485027709458,0.01365240403428336,0.00375,-0.024271590678564502,-0.09171184031539051,0.9704194543754647,1.005
20,0.15,0.0045,0.0017996146395373846,-0.0017996146395373846,0.8180024308416672,0.023053928070721486,0.00625,-0.024271590678564502,-0.09102331298569538,0.9704194543754645,1.0425
21,0.15,0.0018,0.0006969352783032827,-0.0006969352783032827,0.827630542856456,0.009628112014788748,0.0025,-0.024271590678564502,-0.09074790205381732,0.9704194543754645,1.0575
22,0.15,0.0027,-0.001564569129893461,0.001564569129893461,0.840895088012064,0.013264545155608043,0.00375,-0.024271590678564502,-0.09033478565600024,0.9704194543754645,1.08
23,0.15,0.0036,-0.0017192743327796918,0.0017192743327796918,0.8584235014694616,0.01752841345739753,0.005,-0.024271590678564502,-0.08978396379224414,0.9704194543754645,1.11
24,0.15,0.0054,0.002285265529773594,-0.002285265529773594,0.8866884071281871,0.028264905658725525,0.0075,-0.024271590678564502,-0.08895773099661,0.9704194543754645,1.155
25,0.15,0.0036,-0.00096593113004299,0.00096593113004299,0.9040353846492161,0.017346977521028983,0.005,-0.024271590678564502,-0.0884069091328539,0.9704194543754647,1.185
26,0.15,0.0036,-0.0008814858274951972,0.0008814858274951972,0.921622664322897,0.0175872796736809,0.005,-0.024271590678564502,-0.0878560872690978,0.9704194543754647,1.215
27,0.15,0.0072,0.0019732689620458577,-0.0019732689620458577,0.9551395369336567,0.03351687261075975,0.01,-0.024271590678564502,-0.08675444354158561,0.9704194543754647,1.275
28,0.15,0.009000000000000001,-0.0010760440001785962,0.0010760440001785962,0.9958274524136761,0.040687915480019377,0.0125,-0.024271590678564502,-0.08537738888219536,0.9704194543754647,1.35
29,0.15,0.0072,0.002634671134917976,-0.002634671134917976,1.029933133916225,0.03410568150254889,0.01,-0.024271590678564502,-0.08427574515468317,0.9704194543754647,1.41
30,0.15,0.0009,0.001095169465436048,-0.001095169465436048,1.0337663490455677,0.0038332151293427597,0.00125,-0.024271590678564502,-0.08413803968874414,0.9704194543754645,1.4175
31,0.15,0.0036,0.0029876886609975267,-0.0029876886609975267,1.0496099911583356,0.015843642112767897,0.005,-0.024271590678564502,-0.08358721782498804,0.9704194543754645,1.4475
32,0.15,0.0045000000000000005,3.7651137018263756e-05,-3.7651137018263756e-05,1.0697713338978294,0.02016134273949377,0.00625,-0.024271590678564502,-0.0828986904952929,0.9704194543754647,1.485
33,0.15,0.009,-0.0003413663395638153,0.0003413663395638153,1.1084104551980156,0.03863912130018621,0.0125,-0.024271590678564502,-0.08152163583590266,0.9704194543754645,1.56
34,0.15,0.0018,0.0003064871827437887,-0.0003064871827437887,1.1158874375777845,0.007476982379768904,0.0025,-0.024271590678564502,-0.08124622490402462,0.9704194543754645,1.575
35,0.15,0.0063,0.0029236147520712834,-0.0029236147520712834,1.1431773330505428,0.027289895472758285,0.00875,-0.024271590678564502,-0.08028228664245145,0.9704194543754647,1.6275
36,0.15,0.005399999999999999,0.0028868429608281156,-0.0028868429608281156,1.1665979174400711,0.02342058438952832,0.0075,-0.024271590678564502,-0.07945605384681728,0.9704194543754645,1.6725
37,0.15,0.006299999999999999,0.002060805765476836,-0.002060805765476836,1.1925376202670055,0.025939702826934363,0.00875,-0.024271590678564502,-0.07849211558524412,0.9704194543754647,1.725
38,0.15,0.0054,0.003845855237401235,-0.003845855237401235,1.2153834763341915,0.022845856067186032,0.0075,-0.024271590678564502,-0.07766588278960997,0.9704194543754647,1.77
39,0.15,0.0027,0.0004792566813216967,-0.0004792566813216967,1.2259706391989553,0.0105871628647638,0.00375,-0.024271590678564502,-0.0772527663917929,0.9704194543754647,1.7925
40,0.15,0.0054,-0.0004350186904859717,0.0004350186904859717,1.247835644697808,0.02186500549885273,0.0075,-0.024271590678564502,-0.07642653359615875,0.9704194543754645,1.8375
41,0.15,0.0036,-0.0020673960804980535,0.0020673960804980535,1.262160711358608,0.014325066660799912,0.005,-0.024271590678564502,-0.07587571173240265,0.9704194543754645,1.8675
42,0.15,0.0045000000000000005,0.003468913514480412,-0.003468913514480412,1.280689742459882,0.01852903110127402,0.00625,-0.024271590678564502,-0.07518718440270752,0.9704194543754647,1.905
43,0.15,0.0036,-0.000226207031820891,0.000226207031820891,1.2954398017077886,0.014750059247906622,0.005,-0.024271590678564502,-0.07463636253895142,0.9704194543754647,1.935
44,0.15,0.0054,2.568145625789997e-05,-2.568145625789997e-05,1.3168465815225812,0.021406779814792554,0.0075,-0.024271590678564502,-0.07381012974331728,0.9704194543754645,1.98
45,0.15,0.0027,0.0012320556763032132,-0.0012320556763032132,1.326723592641995,0.009877011119413748,0.00375,-0.024271590678564502,-0.07339701334550021,0.9704194543754647,2.0025
46,0.15,0.0054,-0.0011385838928542036,0.0011385838928542036,1.3474123852108166,0.020688792568821723,0.0075,-0.024271590678564502,-0.07257078054986604,0.9704194543754647,2.0475
47,0.15,0.0036,0.002906294341976283,-0.002906294341976283,1.3608271105630578,0.013414725352241197,0.005,-0.024271590678564502,-0.07201995868610997,0.9704194543754647,2.0775
48,0.15,0.0036,0.00023665064991043776,-0.00023665064991043776,1.3742764739647433,0.013449363401685455,0.005,-0.024271590678564502,-0.07146913682235387,0.9704194543754647,2.1075
49,0.15,0.0063,-0.002203923005243089,0.002203923005243089,1.3967582290281546,0.022481755063411324,0.00875,-0.024271590678564502,-0.07050519856078069,0.9704194543754647,2.16
50,0.15,0.0027,0.0016242272601027549,-0.0016242272601027549,1.407348364459604,0.010590135431449488,0.00375,-0.024271590678564502,-0.0700920821629636,0.9704194543754647,2.1825
51,0.15,0.0009,8.763898260136994e-05,-8.763898260136994e-05,1.4104808093008745,0.0031324448412703987,0.00125,-0.024271590678564502,-0.06995437669702459,0.9704194543754647,2.19
52,0.15,0.0036,0.0008676813501690418,-0.0008676813501690418,1.4235622537788677,0.013081444477993198,0.005,-0.024271590678564502,-0.06940355483326849,0.9704194543754647,2.22
53,0.15,0.0018,-0.0005170282308542225,0.0005170282308542225,1.430535771080917,0.006973517302049315,0.0025,-0.024271590678564502,-0.06912814390139042,0.9704194543754645,2.235
54,0.15,0.0045000000000000005,0.0009865965942496972,-0.0009865965942496972,1.4471008085192112,0.016565037438294183,0.00625,-0.024271590678564502,-0.06843961657169531,0.9704194543754647,2.2725
55,0.15,0.0045000000000000005,0.0010583737471621293,-0.0010583737471621293,1.4635612125275612,0.016460404008350027,0.00625,-0.024271590678564502,-0.06775108924200018,0.9704194543754645,2.31
56,0.15,0.0054,0.001889488442657092,-0.001889488442657092,1.482353096234442,0.018791883706880785,0.0075,-0.024271590678564502,-0.06692485644636605,0.9704194543754645,2.355
57,0.15,0.0054,0.003597607510174529,-0.003597607510174529,1.5009713311715245,0.01861823493708248,0.0075,-0.024271590678564502,-0.0660986236507319,0.9704194543754645,2.4
58,0.15,0.0036,-1.4876452640334714e-06,1.4876452640334714e-06,1.5137659025906398,0.01279457141911533,0.005,-0.024271590678564502,-0.06554780178697579,0.9704194543754645,2.43
59,0.15,0.0036,0.0014167562651216205,-0.0014167562651216205,1.5262895662295601,0.012523663638920324,0.005,-0.024271590678564502,-0.06499697992321969,0.9704194543754645,2.46
60,0.15,0.0045,3.698138238425339e-05,-3.698138238425339e-05,1.5414391048351463,0.01514953860558621,0.00625,-0.024271590678564502,-0.06430845259352456,0.9704194543754645,2.4975
61,0.15,0.0027,0.0006623920548306391,-0.0006623920548306391,1.5500331750439045,0.008594070208758131,0.00375,-0.024271590678564502,-0.06389533619570749,0.9704194543754645,2.52
62,0.15,0.0036,0.0026787099589581707,-0.0026787099589581707,1.5624702343327754,0.012437059288870955,0.005,-0.024271590678564502,-0.06334451433195139,0.9704194543754645,2.55
63,0.15,0.0036,0.002478948235812235,-0.002478948235812235,1.5745798025722963,0.012109568239520918,0.005,-0.024271590678564502,-0.06279369246819529,0.9704194543754645,2.58
64,0.15,0.0036,-0.0019285988211598807,0.0019285988211598807,1.5866387518443739,0.012058949272077513,0.005,-0.024271590678564502,-0.06224287060443919,0.9704194543754645,2.61
65,0.15,0.0054,-0.0007164261207018267,0.0007164261207018267,1.604196591453536,0.01755783960916224,0.0075,-0.024271590678564502,-0.06141663780880505,0.9704194543754645,2.655
66,0.15,0.0027,0.0008040739548468702,-0.0008040739548468702,1.6131816911153205,0.008985099661784401,0.00375,-0.024271590678564502,-0.06100352141098797,0.9704194543754645,2.6775
67,0.15,0.0027,0.0013952566235405103,-0.0013952566235405103,1.6218003045250171,0.008618613409696607,0.00375,-0.024271590678564502,-0.06059040501317091,0.9704194543754645,2.7
68,0.15,0.0036,-0.00031256829199610524,0.00031256829199610524,1.6332127770544878,0.01141247252947064,0.005,-0.024271590678564502,-0.06003958314941481,0.9704194543754645,2.73
69,0.15,0.0072,-0.0014001031335875913,0.0014001031335875913,1.6559870862143597,0.022774309159871997,0.01,-0.024271590678564502,-0.058937939421902605,0.9704194543754645,2.79
70,0.15,0.0018,0.0011064805680957056,-0.0011064805680957056,1.6616269356651052,0.005639849450745471,0.0025,-0.024271590678564502,-0.05866252849002455,0.9704194543754645,2.805
71,0.15,0.0027,-0.00043805364992839185,0.00043805364992839185,1.669961778174267,0.008334842509161833,0.00375,-0.024271590678564502,-0.058249412092207485,0.9704194543754645,2.8275
72,0.15,0.0009,0.0011243728200503829,-0.0011243728200503829,1.6726663901346033,0.002704611960336223,0.00125,-0.024271590678564502,-0.05811170662626845,0.9704194543754645,2.835
73,0.15,0.0036,0.0006475423511762988,-0.0006475423511762988,1.6837308616521385,0.011064471517535202,0.005,-0.024271590678564502,-0.05756088476251235,0.9704194543754645,2.865
74,0.15,0.0036,0.0004853590926215361,-0.0004853590926215361,1.6945544730401814,0.010823611388042886,0.005,-0.024271590678564502,-0.05701006289875625,0.9704194543754645,2.895
75,0.15,0.0036,0.0005422481551646185,-0.0005422481551646185,1.7053105424831583,0.010756069442976912,0.005,-0.024271590678564502,-0.05645924103500015,0.9704194543754645,2.925
76,0.15,0.0036,0.0018151661184568945,-0.0018151661184568945,1.7160660598956499,0.010755517412491589,0.005,-0.024271590678564502,-0.055908419171244055,0.9704194543754645,2.955
77,0.15,0.0045,0.0022203794095435703,-0.0022203794095435703,1.7291886254122601,0.013122565516610285,0.00625,-0.024271590678564502,-0.05521989184154893,0.9704194543754645,2.9925
78,0.15,0.0009,0.0002373369108630657,-0.0002373369108630657,1.7319297364053658,0.0027411109931057,0.00125,-0.024271590678564502,-0.05508218637560991,0.9704194543754645,3.0
79,0.15,0.0045000000000000005,0.0025942225207091995,-0.0025942225207091995,1.744803378129975,0.012873641724609142,0.00625,-0.024271590678564502,-0.05439365904591479,0.9704194543754645,3.0375
80,0.15,0.0018,0.0021623088000612516,-0.0021623088000612516,1.7499091229022419,0.005105744772266885,0.0025,-0.024271590678564502,-0.05411824811403674,0.9704194543754647,3.0525
81,0.15,0.0054,0.0013205129979929418,-0.0013205129979929418,1.765325463756787,0.01541634085454513,0.0075,-0.024271590678564502,-0.05329201531840259,0.9704194543754645,3.0975
82,0.15,0.0054,0.0006516235154548919,-0.0006516235154548919,1.7803973919123974,0.015071928155610426,0.0075,-0.024271590678564502,-0.05246578252276844,0.9704194543754645,3.1425
83,0.15,0.0009,9.629406222148061e-05,-9.629406222148061e-05,1.7828212239993855,0.0024238320869880425,0.00125,-0.024271590678564502,-0.05232807705682941,0.9704194543754647,3.15
84,0.15,0.0018,-0.0006911636506525759,0.0006911636506525759,1.7877244575383686,0.004903233538983143,0.0025,-0.024271590678564502,-0.05205266612495136,0.9704194543754647,3.165
85,0.15,0.0045,-1.538124005865716e-05,1.538124005865716e-05,1.799968134520971,0.012243676982602425,0.00625,-0.024271590678564502,-0.05136413879525624,0.9704194543754645,3.2025
86,0.15,0.0009,9.472479431673098e-05,-9.472479431673098e-05,1.8023270101677051,0.0023588756467340932,0.00125,-0.024271590678564502,-0.05122643332931722,0.9704194543754645,3.21
87,0.15,0.0036,0.0008113434692274511,-0.0008113434692274511,1.811941162494979,0.009614152327273917,0.005,-0.024271590678564502,-0.05067561146556112,0.9704194543754645,3.24
88,0.15,0.0027,0.0007408118521140175,-0.0007408118521140175,1.8190938539984989,0.007152691503519826,0.00375,-0.024271590678564502,-0.050262495067744044,0.9704194543754647,3.2625
89,0.15,0.0018,0.00014989639623321592,-0.00014989639623321592,1.8237238475663886,0.004629993567889734,0.0025,-0.024271590678564502,-0.04998708413586599,0.9704194543754647,3.2775
90,0.15,0.0045000000000000005,-0.00015361269192734034,0.00015361269192734034,1.8355298433799996,0.01180599581361097,0.00625,-0.024271590678564502,-0.04929855680617087,0.9704194543754645,3.315
91,0.15,0.0027,-0.0006034929759185684,0.0006034929759185684,1.8423813673926883,0.006851524012688737,0.00375,-0.024271590678564502,-0.04888544040835379,0.9704194543754645,3.3375
92,0.15,0.0045000000000000005,-0.0009181616244868427,0.0009181616244868427,1.8537102685890874,0.011328901196399066,0.00625,-0.024271590678564502,-0.04819691307865867,0.9704194543754647,3.375
93,0.15,0.0027,-0.0001969655030058906,0.0001969655030058906,1.860441157284773,0.006730888695685611,0.00375,-0.024271590678564502,-0.0477837966808416,0.9704194543754645,3.3975
94,0.15,0.0027,0.00038204855300928405,-0.00038204855300928405,1.8671683069236205,0.006727149638847463,0.00375,-0.024271590678564502,-0.04737068028302452,0.9704194543754647,3.42
95,0.15,0.0,-0.0,0.0,1.8671683069236205,0.0,0.0,-0.024271590678564502,-0.04737068028302452,0.9704194543754647,3.42
96,0.15,0.0036,0.0011408156450688344,-0.0011408156450688344,1.8761407266169852,0.008972419693364708,0.005,-0.024271590678564502,-0.046819858419268424,0.9704194543754645,3.45
97,0.15,0.0063,-0.0002742451300554741,0.0002742451300554741,1.8913579163198215,0.015217189702836365,0.00875,-0.024271590678564502,-0.045855920157695254,0.9704194543754647,3.5025
98,0.15,0.0018,-0.0007077126869701896,0.0007077126869701896,1.8955930556365925,0.004235139316770997,0.0025,-0.024271590678564502,-0.0455805092258172,0.9704194543754647,3.5175
99,0.15,0.0018,0.001184926067889407,-0.001184926067889407,1.8998773692856534,0.0042843136490609,0.0025,-0.024271590678564502,-0.04530509829393915,0.9704194543754647,3.5325
100,0.15,0.0018,0.00030884156941286844,-0.00030884156941286844,1.9043133986707799,0.004436029385126439,0.0025,-0.024271590678564502,-0.0450296873620611,0.9704194543754645,3.5475
101,0.15,0.0036,0.0011255038142488306,-0.0011255038142488306,1.9129401572236093,0.008626758552829461,0.005,-0.024271590678564502,-0.044478865498305,0.9704194543754645,3.5775
102,0.15,0.0027,0.0013153867993523885,-0.0013153867993523885,1.9192887849536047,0.0063486277299953375,0.00375,-0.024271590678564502,-0.04406574910048793,0.9704194543754647,3.6
103,0.15,0.0018,0.00043566386316635093,-0.00043566386316635093,1.9234526406219339,0.004163855668329219,0.0025,-0.024271590678564502,-0.04379033816860988,0.9704194543754647,3.615
104,0.15,0.0009,0.0002659962664966544,-0.0002659962664966544,1.9256968018440823,0.002244161222148433,0.00125,-0.024271590678564502,-0.04365263270267085,0.9704194543754645,3.6225
105,0.15,0.0036,-0.0005498430563192614,0.0005498430563192614,1.9336763591237525,0.007979557279670146,0.005,-0.024271590678564502,-0.043101810838914754,0.9704194543754645,3.6525
106,0.15,0.0036,0.0007579944008952528,-0.0007579944008952528,1.941621230619615,0.007944871495862538,0.005,-0.024271590678564502,-0.04255098897515865,0.9704194543754645,3.6825
107,0.15,0.0036,0.001504023767165965,-0.001504023767165965,1.9496011834867208,0.007979952867105844,0.005,-0.024271590678564502,-0.04200016711140255,0.9704194543754647,3.7125
108,0.15,0.0018,0.0011454193001002348,-0.0011454193001002348,1.953518200500556,0.003917017013835178,0.0025,-0.024271590678564502,-0.0417247561795245,0.9704194543754647,3.7275
109,0.15,0.0045000000000000005,0.0007510857944334382,-0.0007510857944334382,1.9632057554901543,0.00968755498959828,0.00625,-0.024271590678564502,-0.04103622884982938,0.9704194543754645,3.765
110,0.15,0.0063,0.002572881249963001,-0.002572881249963001,1.9767320350908228,0.013526279600668545,0.00875,-0.024271590678564502,-0.04007229058825621,0.9704194543754647,3.8175
111,0.15,0.0036,0.002654569523217369,-0.002654569523217369,1.9847442436250804,0.008012208534257548,0.005,-0.024271590678564502,-0.03952146872450011,0.9704194543754645,3.8475
112,0.15,0.0018,0.0013730669012076702,-0.0013730669012076702,1.988506181509966,0.0037619378848856577,0.0025,-0.024271590678564502,-0.03924605779262206,0.9704194543754645,3.8625
113,0.15,0.0054,0.001617846148142867,-0.001617846148142867,1.9993960487339841,0.01088986722401808,0.0075,-0.024271590678564502,-0.038419824996987914,0.9704194543754645,3.9075
114,0.15,0.0036,0.0008610097346345529,-0.0008610097346345529,2.0067215739149225,0.007325525180938319,0.005,-0.024271590678564502,-0.03786900313323181,0.9704194543754647,3.9375
115,0.15,0.0,-0.0,0.0,2.0067215739149225,0.0,0.0,-0.024271590678564502,-0.03786900313323181,0.9704194543754647,3.9375
116,0.15,0.0027,-0.0006681449954056931,0.0006681449954056931,2.0118512785621268,0.005129704647204303,0.00375,-0.024271590678564502,-0.037455886735414744,0.9704194543754647,3.96
117,0.15,0.0045,0.002784622131541557,-0.002784622131541557,2.020648880721084,0.008797602158957307,0.00625,-0.024271590678564502,-0.03676735940571961,0.9704194543754647,3.9975
118,0.15,0.0,-0.0,0.0,2.020648880721084,0.0,0.0,-0.024271590678564502,-0.03676735940571961,0.9704194543754647,3.9975
119,0.15,0.0,-0.0,0.0,2.020648880721084,0.0,0.0,-0.024271590678564502,-0.03676735940571961,0.9704194543754647,3.9975
120,0.15,0.0009,0.0011243097801497599,-0.0011243097801497599,2.0223638065079794,0.0017149257868953605,0.00125,-0.024271590678564502,-0.03662965393978059,0.9704194543754645,4.005
121,0.15,0.0018,0.0004603004978128331,-0.0004603004978128331,2.0257443472635823,0.003380540755602901,0.0025,-0.024271590678564502,-0.03635424300790254,0.9704194543754645,4.02
122,0.15,0.0045,0.0008422002692039584,-0.0008422002692039584,2.0344846336227587,0.008740286359176341,0.00625,-0.024271590678564502,-0.035665715678207414,0.9704194543754647,4.0575
123,0.15,0.0009,0.0010230075030307725,-0.0010230075030307725,2.0361236441776596,0.0016390105549008993,0.00125,-0.024271590678564502,-0.035528010212268396,0.9704194543754647,4.065
124,0.15,0.0,-0.0,0.0,2.0361236441776596,0.0,0.0,-0.024271590678564502,-0.035528010212268396,0.9704194543754647,4.065
125,0.15,0.0027,0.0014370811015079318,-0.0014370811015079318,2.0410888939404055,0.004965249762745927,0.00375,-0.024271590678564502,-0.03511489381445131,0.9704194543754645,4.0875
126,0.15,0.0027,-0.00020445073974909535,0.00020445073974909535,2.046187404308965,0.005098510368559683,0.00375,-0.024271590678564502,-0.034701777416634244,0.9704194543754645,4.11
127,0.15,0.0009,6.932343594879341e-05,-6.932343594879341e-05,2.04772624121486,0.001538836905894847,0.00125,-0.024271590678564502,-0.03456407195069521,0.9704194543754645,4.1175
128,0.15,0.0009,0.0010204345270742065,-0.0010204345270742065,2.049292868881766,0.001566627666905962,0.00125,-0.024271590678564502,-0.03442636648475619,0.9704194543754645,4.125
129,0.15,0.0,-0.0,0.0,2.049292868881766,0.0,0.0,-0.024271590678564502,-0.03442636648475619,0.9704194543754645,4.125
130,0.15,0.0009,-0.0008068561601002962,0.0008068561601002962,2.050856046722613,0.0015631778408469188,0.00125,-0.024271590678564502,-0.034288661018817175,0.9704194543754645,4.1325
131,0.15,0.0063,0.0009358968544778835,-0.0009358968544778835,2.061845683496624,0.010989636774011213,0.00875,-0.024271590678564502,-0.03332472275724399,0.9704194543754645,4.185
132,0.15,0.0018,0.0021591136724278997,-0.0021591136724278997,2.064936781305488,0.003091097808864074,0.0025,-0.024271590678564502,-0.03304931182536595,0.9704194543754645,4.2
133,0.15,0.0018,0.0013463596871977263,-0.0013463596871977263,2.0681600259710136,0.003223244665525371,0.0025,-0.024271590678564502,-0.032773900893487896,0.9704194543754645,4.215
134,0.15,0.0018,0.0011067936500744828,-0.0011067936500744828,2.07114280360416,0.0029827776331465827,0.0025,-0.024271590678564502,-0.032498489961609846,0.9704194543754645,4.23
135,0.15,0.0018,0.0011922249992679104,-0.0011922249992679104,2.074033209780064,0.002890406175903859,0.0025,-0.024271590678564502,-0.032223079029731795,0.9704194543754647,4.245
136,0.15,0.0027,0.0005057219012927652,-0.0005057219012927652,2.0785583321722987,0.004525122392234682,0.00375,-0.024271590678564502,-0.031809962631914726,0.9704194543754645,4.2675
137,0.15,0.0018,0.0007006217568720304,-0.0007006217568720304,2.0816050834536504,0.0030467512813516784,0.0025,-0.024271590678564502,-0.031534551700036675,0.9704194543754645,4.2825
138,0.15,0.0036,0.0010777931108827124,-0.0010777931108827124,2.087547885452477,0.0059428019988265746,0.005,-0.024271590678564502,-0.030983729836280574,0.9704194543754645,4.3125
139,0.15,0.0018,0.00025305840998024866,-0.00025305840998024866,2.0902788473745173,0.0027309619220403647,0.0025,-0.024271590678564502,-0.030708318904402523,0.9704194543754645,4.3275
140,0.15,0.0018,0.0013911708404913442,-0.0013911708404913442,2.0930607237201597,0.00278187634564242,0.0025,-0.024271590678564502,-0.030432907972524473,0.9704194543754645,4.3425
141,0.15,0.0018,0.0011894937437927928,-0.0011894937437927928,2.0958047568818214,0.0027440331616617186,0.0025,-0.024271590678564502,-0.030157497040646426,0.9704194543754645,4.3575
142,0.15,0.0009,0.0010927755049304731,-0.0010927755049304731,2.097119585836591,0.0013148289547695313,0.00125,-0.024271590678564502,-0.030019791574707404,0.9704194543754645,4.365
143,0.15,0.0,-0.0,0.0,2.097119585836591,0.0,0.0,-0.024271590678564502,-0.030019791574707404,0.9704194543754645,4.365
144,0.15,0.0027,0.00031805345078446943,-0.00031805345078446943,2.1010187890334056,0.0038992031968145824,0.00375,-0.024271590678564502,-0.029606675176890324,0.9704194543754645,4.3875
145,0.15,0.0018,0.0011246166770139806,-0.0011246166770139806,2.103640544148451,0.0026217551150455876,0.0025,-0.024271590678564502,-0.029331264245012274,0.9704194543754645,4.4025
146,0.15,0.0009,-0.0008055642088305974,0.0008055642088305974,2.104901844403508,0.0012613002550567742,0.00125,-0.024271590678564502,-0.029193558779073255,0.9704194543754645,4.41
147,0.15,0.0036,0.0006273907330499437,-0.0006273907330499437,2.1100555558015515,0.005153711398043548,0.005,-0.024271590678564502,-0.028642736915317154,0.9704194543754645,4.44
148,0.15,0.0018,0.0021623923027477643,-0.0021623923027477643,2.1124696728840737,0.00241411708252226,0.0025,-0.024271590678564502,-0.028367325983439103,0.9704194543754645,4.455
149,0.15,0.0018,0.0022377639935886027,-0.0022377639935886027,2.11479703022003,0.002327357335956126,0.0025,-0.024271590678564502,-0.028091915051561056,0.9704194543754645,4.47
150,0.15,0.0009,0.00034702409520823597,-0.00034702409520823597,2.116103773742066,0.001306743522035969,0.00125,-0.024271590678564502,-0.027954209585622027,0.9704194543754645,4.4775
151,0.15,0.0,-0.0,0.0,2.116103773742066,0.0,0.0,-0.024271590678564502,-0.027954209585622027,0.9704194543754645,4.4775
152,0.15,0.0009,-0.0005609458835345859,0.0005609458835345859,2.117391398914168,0.0012876251721021248,0.00125,-0.024271590678564502,-0.027816504119683005,0.9704194543754645,4.485
153,0.15,0.0,-0.0,0.0,2.117391398914168,0.0,0.0,-0.024271590678564502,-0.027816504119683005,0.9704194543754645,4.485
154,0.15,0.0009,-0.0006003668598371335,0.0006003668598371335,2.1186544453534424,0.00126304643927444,0.00125,-0.024271590678564502,-0.027678798653743977,0.9704194543754645,4.4925
155,0.15,0.0018,0.0013598118441942079,-0.0013598118441942079,2.1211924767524426,0.002538031399000218,0.0025,-0.024271590678564502,-0.02740338772186593,0.9704194543754645,4.5075
156,0.15,0.0,-0.0,0.0,2.1211924767524426,0.0,0.0,-0.024271590678564502,-0.02740338772186593,0.9704194543754645,4.5075
157,0.15,0.0009,0.0011226675129265128,-0.0011226675129265128,2.1222762208987556,0.0010837441463129593,0.00125,-0.024271590678564502,-0.027265682255926904,0.9704194543754645,4.515
158,0.15,0.0009,6.816639619432339e-05,-6.816639619432339e-05,2.1234305847673554,0.0011543638685997948,0.00125,-0.024271590678564502,-0.02712797678998788,0.9704194543754645,4.5225
159,0.15,0.0009,0.0003318602915028377,-0.0003318602915028377,2.1246757515115418,0.001245166744186399,0.00125,-0.024271590678564502,-0.026990271324048853,0.9704194543754645,4.53
160,0.15,0.0018,0.00024765795018411,-0.00024765795018411,2.1269623995987526,0.0022866480872107964,0.0025,-0.024271590678564502,-0.026714860392170806,0.9704194543754645,4.545
161,0.15,0.0018,0.00043170648755034386,-0.00043170648755034386,2.1292746622174037,0.0023122626186511397,0.0025,-0.024271590678564502,-0.026439449460292756,0.9704194543754645,4.56
162,0.15,0.0,-0.0,0.0,2.1292746622174037,0.0,0.0,-0.024271590678564502,-0.026439449460292756,0.9704194543754645,4.56
163,0.15,0.0009,7.773009008753509e-05,-7.773009008753509e-05,2.1303587457906725,0.0010840835732688348,0.00125,-0.024271590678564502,-0.02630174399435373,0.9704194543754645,4.5675
164,0.15,0.0036,0.0005827181899531406,-0.0005827181899531406,2.1347815992921735,0.004422853501500956,0.005,-0.024271590678564502,-0.025750922130597636,0.9704194543754645,4.5975
165,0.15,0.0009,-0.0006099041305234388,0.0006099041305234388,2.135929046084522,0.001147446792348461,0.00125,-0.024271590678564502,-0.02561321666465861,0.9704194543754645,4.605
166,0.15,0.0,-0.0,0.0,2.135929046084522,0.0,0.0,-0.024271590678564502,-0.02561321666465861,0.9704194543754645,4.605
167,0.15,0.0036,0.0009450276241365053,-0.0009450276241365053,2.140751454963253,0.004822408878731199,0.005,-0.024271590678564502,-0.02506239480090251,0.9704194543754645,4.635
168,0.15,0.0009,-0.0007775277982476303,0.0007775277982476303,2.141782020572202,0.0010305656089486526,0.00125,-0.024271590678564502,-0.024924689334963484,0.9704194543754645,4.6425
169,0.15,0.0027,-0.0006838560815263697,0.0006838560815263697,2.1448052137657347,0.003023193193532947,0.00375,-0.024271590678564502,-0.02451157293714641,0.9704194543754645,4.665
170,0.15,0.0009,0.00103446742652201,-0.00103446742652201,2.145811510660292,0.0010062968945572237,0.00125,-0.024271590678564502,-0.024373867471207386,0.9704194543754645,4.6725
171,0.15,0.0,-0.0,0.0,2.145811510660292,0.0,0.0,-0.024271590678564502,-0.024373867471207386,0.9704194543754645,4.6725
172,0.15,0.0027,0.0023024418468825035,-0.0023024418468825035,2.1489489173791965,0.0031374067189045007,0.00375,-0.024271590678564502,-0.02396075107339031,0.9704194543754645,4.695
173,0.15,0.0009,0.0002502780875738103,-0.0002502780875738103,2.1501252676881335,0.0011763503089370353,0.00125,-0.024271590678564502,-0.023823045607451285,0.9704194543754645,4.7025
174,0.15,0.0027,6.912656849799553e-05,-6.912656849799553e-05,2.1532988299444593,0.0031735622563258126,0.00375,-0.024271590678564502,-0.023409929209634212,0.9704194543754645,4.725
175,0.15,0.0018,-0.0014038202592631143,0.0014038202592631143,2.1551997013386277,0.0019008713941683908,0.0025,-0.024271590678564502,-0.02313451827775616,0.9704194543754647,4.74
176,0.15,0.0009,-0.0005826405123526035,0.0005826405123526035,2.1561655138489555,0.0009658125103277904,0.00125,-0.024271590678564502,-0.022996812811817136,0.9704194543754645,4.7475
177,0.15,0.0027,0.0008131850817646777,-0.0008131850817646777,2.158992626727591,0.0028271128786356847,0.00375,-0.024271590678564502,-0.02258369641400006,0.9704194543754645,4.77
178,0.15,0.0036,-7.145232487363706e-05,7.145232487363706e-05,2.1626887356165696,0.003696108888978422,0.005,-0.024271590678564502,-0.022032874550243966,0.9704194543754647,4.8
179,0.15,0.0009,-0.0007636623896363757,0.0007636623896363757,2.1634967740747,0.0008080384581305999,0.00125,-0.024271590678564502,-0.02189516908430494,0.9704194543754643,4.8075
180,0.15,0.0009,0.0010371123201423514,-0.0010371123201423514,2.16431334860078,0.0008165745260799717,0.00125,-0.024271590678564502,-0.021757463618365915,0.9704194543754645,4.815
181,0.15,0.0,-0.0,0.0,2.16431334860078,0.0,0.0,-0.024271590678564502,-0.021757463618365915,0.9704194543754645,4.815
182,0.15,0.0018,-0.0004969072444289017,0.0004969072444289017,2.165954305207979,0.0016409566071988735,0.0025,-0.024271590678564502,-0.021482052686487865,0.9704194543754645,4.83
183,0.15,0.0018,0.001250204564150033,-0.001250204564150033,2.1677090775604424,0.0017547723524633518,0.0025,-0.024271590678564502,-0.021206641754609817,0.9704194543754645,4.845
184,0.15,0.0,-0.0,0.0,2.1677090775604424,0.0,0.0,-0.024271590678564502,-0.021206641754609817,0.9704194543754645,4.845
185,0.15,0.0009,0.00034386969994316507,-0.00034386969994316507,2.1685153327654687,0.0008062552050263072,0.00125,-0.024271590678564502,-0.021068936288670792,0.9704194543754647,4.8525
186,0.15,0.0009,6.149373748309648e-05,-6.149373748309648e-05,2.169239076930901,0.0007237441654321941,0.00125,-0.024271590678564502,-0.020931230822731767,0.9704194543754647,4.86
187,0.15,0.0009,0.0003440968121990858,-0.0003440968121990858,2.1700136066132676,0.000774529682366687,0.00125,-0.024271590678564502,-0.02079352535679274,0.9704194543754645,4.8675
188,0.15,0.0036,8.266160770611209e-05,-8.266160770611209e-05,2.173121904420756,0.003108297807488558,0.005,-0.024271590678564502,-0.02024270349303664,0.9704194543754645,4.8975
189,0.15,0.0018,0.0013863060537911895,-0.0013863060537911895,2.1745031223889684,0.0013812179682122228,0.0025,-0.024271590678564502,-0.019967292561158593,0.9704194543754647,4.9125
190,0.15,0.0027,-0.0012106757467119722,0.0012106757467119722,2.176475772878814,0.001972650489845851,0.00375,-0.024271590678564502,-0.019554176163341517,0.9704194543754645,4.935
191,0.15,0.0009,-0.0008025184609983345,0.0008025184609983345,2.1770954881456035,0.000619715266789278,0.00125,-0.024271590678564502,-0.01941647069740249,0.9704194543754645,4.9425
192,0.15,0.0009,0.0009992520381763884,-0.0009992520381763884,2.1777139645594144,0.0006184764138108534,0.00125,-0.024271590678564502,-0.019278765231463466,0.9704194543754645,4.95
193,0.15,0.0018,-0.0005489693732123892,0.0005489693732123892,2.178976693463901,0.001262728904486643,0.0025,-0.024271590678564502,-0.019003354299585416,0.9704194543754647,4.965
194,0.15,0.0018,0.0012934267221488948,-0.0012934267221488948,2.180346347384686,0.00136965392078503,0.0025,-0.024271590678564502,-0.018727943367707372,0.9704194543754647,4.98
195,0.15,0.0,-0.0,0.0,2.180346347384686,0.0,0.0,-0.024271590678564502,-0.018727943367707372,0.9704194543754647,4.98
196,0.15,0.0027,0.00047696443709283813,-0.00047696443709283813,2.182176294587101,0.0018299472024150276,0.00375,-0.024271590678564502,-0.018314826969890296,0.9704194543754645,5.0025
197,0.15,0.0018,0.0013928110898432842,-0.0013928110898432842,2.183224564599814,0.0010482700127130151,0.0025,-0.024271590678564502,-0.018039416038012245,0.9704194543754647,5.0175
198,0.15,0.0,-0.0,0.0,2.183224564599814,0.0,0.0,-0.024271590678564502,-0.018039416038012245,0.9704194543754647,5.0175
199,0.15,0.0009,6.230923071779971e-05,-6.230923071779971e-05,2.1837123723361347,0.00048780773632062235,0.00125,-0.024271590678564502,-0.01790171057207322,0.9704194543754647,5.025
200,0.15,0.0009,-0.000581080329760663,0.000581080329760663,2.184290579073884,0.0005782067377491096,0.00125,-0.024271590678564502,-0.017764005106134198,0.9704194543754647,5.0325
201,0.15,0.0,-0.0,0.0,2.184290579073884,0.0,0.0,-0.024271590678564502,-0.017764005106134198,0.9704194543754647,5.0325
202,0.15,0.0,-0.0,0.0,2.184290579073884,0.0,0.0,-0.024271590678564502,-0.017764005106134198,0.9704194543754647,5.0325
203,0.15,0.0,-0.0,0.0,2.184290579073884,0.0,0.0,-0.024271590678564502,-0.017764005106134198,0.9704194543754647,5.0325
204,0.15,0.0009,-0.000807784218547571,0.000807784218547571,2.184758239389266,0.00046766031538236774,0.00125,-0.024271590678564502,-0.017626299640195173,0.9704194543754647,5.04
205,0.15,0.0009,-0.0007688908630236131,0.0007688908630236131,2.1851987391181624,0.00044049972889625977,0.00125,-0.024271590678564502,-0.017488594174256147,0.9704194543754643,5.0475
206,0.15,0.0009,-0.0005640795580949495,0.0005640795580949495,2.1857332936920684,0.0005345545739059432,0.00125,-0.024271590678564502,-0.017350888708317122,0.9704194543754643,5.055
207,0.15,0.0009,-0.0005983315764481596,0.0005983315764481596,2.186243950886352,0.0005106571942836702,0.00125,-0.024271590678564502,-0.017213183242378097,0.9704194543754643,5.0625
208,0.15,0.0018,0.0011096900645026237,-0.0011096900645026237,2.1870603354455818,0.0008163845592297214,0.0025,-0.024271590678564502,-0.016937772310500046,0.9704194543754645,5.0775
209,0.15,0.0,-0.0,0.0,2.1870603354455818,0.0,0.0,-0.024271590678564502,-0.016937772310500046,0.9704194543754645,5.0775
210,0.15,0.0,-0.0,0.0,2.1870603354455818,0.0,0.0,-0.024271590678564502,-0.016937772310500046,0.9704194543754645,5.0775
211,0.15,0.0,-0.0,0.0,2.1870603354455818,0.0,0.0,-0.024271590678564502,-0.016937772310500046,0.9704194543754645,5.0775
212,0.15,0.0,-0.0,0.0,2.1870603354455818,0.0,0.0,-0.024271590678564502,-0.016937772310500046,0.9704194543754645,5.0775
213,0.15,0.0,-0.0,0.0,2.1870603354455818,0.0,0.0,-0.024271590678564502,-0.016937772310500046,0.9704194543754645,5.0775
214,0.15,0.0027,0.0007245180656459929,-0.0007245180656459929,2.1886288314661493,0.0015684960205675225,0.00375,-0.024271590678564502,-0.016524655912682974,0.9704194543754645,5.1
215,0.15,0.0009,0.001045378315142695,-0.001045378315142695,2.1889776359242257,0.0003488044580763905,0.00125,-0.024271590678564502,-0.016386950446743948,0.9704194543754643,5.1075
216,0.15,0.0,-0.0,0.0,2.1889776359242257,0.0,0.0,-0.024271590678564502,-0.016386950446743948,0.9704194543754643,5.1075
217,0.15,0.0,-0.0,0.0,2.1889776359242257,0.0,0.0,-0.024271590678564502,-0.016386950446743948,0.9704194543754643,5.1075
218,0.15,0.0009,-0.0008044786462589478,0.0008044786462589478,2.1893149929514024,0.00033735702717674343,0.00125,-0.024271590678564502,-0.016249244980804923,0.9704194543754643,5.115
219,0.15,0.0009,-0.0005239530754332953,0.0005239530754332953,2.1897242755025457,0.00040928255114325296,0.00125,-0.024271590678564502,-0.016111539514865898,0.9704194543754643,5.1225
