model,q_extreme,ridge_alpha,cv_gain_all_median,cv_gain_all_mean,cv_gain_extreme_median,cv_gain_extreme_mean,cv_gain_non_extreme_median,cv_score_mean,cv_score_std,cv_extreme_positive_frac,cv_overall_positive_frac,seed,complexity
vertical_global,0.85,1e-06,9.508298701942834e-05,0.0010155663373923821,0.0012435727070280972,0.001206854470545895,0.001537387915223795,0.0017396790197199193,0.005173722109170273,0.6666666666666666,0.5,20260301,2
vertical_global,0.85,3e-06,9.508298804684044e-05,0.001015566338588533,0.0012435727111071114,0.0012068544698083047,0.0015373879250417367,0.001739679020473516,0.005173722102027168,0.6666666666666666,0.5,20260301,2
vertical_global,0.85,1e-05,9.508299164285151e-05,0.0010155663427751024,0.001243572725382777,0.0012068544672262703,0.0015373879594048818,0.0017396790231108642,0.005173722077026608,0.6666666666666666,0.5,20260301,2
vertical_global,0.85,3e-05,9.508300191709727e-05,0.0010155663547365358,0.0012435727661706797,0.001206854459849258,0.0015373880575849969,0.00173967903064609,0.005173722005596392,0.6666666666666666,0.5,20260301,2
vertical_global,0.85,0.0001,9.508303787627252e-05,0.00101556639660169,0.0012435729089284246,0.001206854434029231,0.0015373884012155805,0.0017396790570192286,0.005173721755591003,0.6666666666666666,0.5,20260301,2
vertical_global,0.85,0.0003,9.508314061743408e-05,0.001015566516216354,0.0012435733168076983,0.0012068543602580103,0.0015373893830171192,0.00173967913237116,0.005173721041289494,0.6666666666666666,0.5,20260301,2
vertical_global,0.85,0.001,9.50835002112653e-05,0.0010155669348675584,0.0012435747443843136,0.0012068541020587974,0.0015373928193219036,0.001739679396102837,0.005173718541236159,0.6666666666666666,0.5,20260301,2
vertical_global,0.85,0.003,9.508452762098857e-05,0.00101556813101376,0.0012435788231712683,0.0012068533643490242,0.001537402637325316,0.0017396801496231747,0.005173711398238857,0.6666666666666666,0.5,20260301,2
vertical_global,0.85,0.01,9.508812354452033e-05,0.0010155723175200003,0.0012435930988784988,0.0012068507823876154,0.0015374370002196997,0.0017396827869525693,0.00517368639789331,0.6666666666666666,0.5,20260301,2
vertical_global,0.85,0.03,9.50983975165988e-05,0.0010155842789200756,0.0012436338862177117,0.0012068434055509988,0.0015375351789094036,0.0017396903222506744,0.005173614969578713,0.6666666666666666,0.5,20260301,2
vertical_global,0.85,0.1,9.51343553088543e-05,0.0010156261432796795,0.001243776637285235,0.0012068175889127404,0.0015378787925635897,0.0017397166966273238,0.0051733649849874455,0.6666666666666666,0.5,20260301,2
vertical_global,0.88,1e-06,9.508298701942834e-05,0.0010155663373923821,0.000433336190138881,0.002157174865554951,0.0019230925134141688,0.0023098712567253526,0.0052140581849738025,0.5,0.5,20260301,2
vertical_global,0.88,3e-06,9.508298804684044e-05,0.001015566338588533,0.0004333361914627571,0.0021571748649077786,0.0019230925220185733,0.0023098712575332,0.00521405817609546,0.5,0.5,20260301,2
vertical_global,0.88,1e-05,9.508299164285151e-05,0.0010155663427751024,0.0004333361960958624,0.0021571748626421686,0.001923092552134471,0.0023098712603604036,0.005214058145021627,0.5,0.5,20260301,2
vertical_global,0.88,3e-05,9.508300191709727e-05,0.0010155663547365358,0.0004333362093332917,0.0021571748561689187,0.0019230926381793032,0.0023098712684378867,0.0052140580562391155,0.5,0.5,20260301,2
vertical_global,0.88,0.0001,9.508303787627252e-05,0.00101556639660169,0.00043333625566247734,0.0021571748335122154,0.0019230929393370525,0.0023098712967090187,0.005214057745499982,0.5,0.5,20260301,2
vertical_global,0.88,0.0003,9.508314061743408e-05,0.001015566516216354,0.00043333638803423125,0.0021571747687798314,0.001923093799787325,0.0023098713774842524,0.005214056857674405,0.5,0.5,20260301,2
vertical_global,0.88,0.001,9.50835002112653e-05,0.0010155669348675584,0.00043333685133357854,0.0021571745422161973,0.0019230968113624744,0.0023098716601972764,0.005214053750286243,0.5,0.5,20260301,2
vertical_global,0.88,0.003,9.508452762098857e-05,0.00101556813101376,0.0004333381750443977,0.00215717389489304,0.001923105415853927,0.002309872467949584,0.005214044872046167,0.5,0.5,20260301,2
vertical_global,0.88,0.01,9.508812354452033e-05,0.0010155723175200003,0.00043334280801317896,0.0021571716292849872,0.0019231355314718091,0.0023098752950909927,0.005214013798350115,0.5,0.5,20260301,2
vertical_global,0.88,0.03,9.50983975165988e-05,0.0010155842789200756,0.0004333560449068951,0.002157165156313926,0.0019232215752192756,0.002309883372708431,0.00521392501759316,0.5,0.5,20260301,2
vertical_global,0.88,0.1,9.51343553088543e-05,0.0010156261432796795,0.0004334023721771404,0.002157142503193733,0.0019235227181261037,0.0023099116451959193,0.005213614299319253,0.5,0.5,20260301,2
vertical_global,0.9,1e-06,9.508298701942834e-05,0.0010155663373923821,0.0014836954465842075,0.0014573436814679732,0.0014294995952331764,0.001889972546273166,0.0052931629909544935,0.6666666666666666,0.5,20260301,2
vertical_global,0.9,3e-06,9.508298804684044e-05,0.001015566338588533,0.0014836954469686946,0.0014573436817804715,0.0014294996039619318,0.0018899725476568161,0.0052931629823336785,0.6666666666666666,0.5,20260301,2
vertical_global,0.9,1e-05,9.508299164285151e-05,0.0010155663427751024,0.0014836954483147932,0.001457343682874238,0.00142949963451275,0.0018899725524996452,0.005293162952161447,0.6666666666666666,0.5,20260301,2
vertical_global,0.9,3e-05,9.508300191709727e-05,0.0010155663547365358,0.0014836954521603954,0.0014573436859992015,0.0014294997218011764,0.0018899725663360564,0.00529316286595475,0.6666666666666666,0.5,20260301,2
vertical_global,0.9,0.0001,9.508303787627252e-05,0.00101556639660169,0.001483695465618923,0.001457343696936706,0.0014295000273104083,0.0018899726147637134,0.005293162564231268,0.6666666666666666,0.5,20260301,2
vertical_global,0.9,0.0003,9.508314061743408e-05,0.001015566516216354,0.0014836955040733017,0.0014573437281865974,0.0014295009001936438,0.0018899727531283123,0.0052931617021644535,0.6666666666666666,0.5,20260301,2
vertical_global,0.9,0.001,9.50835002112653e-05,0.0010155669348675584,0.0014836956386626693,0.0014573438375612756,0.0014295039552840892,0.0018899732374043235,0.005293158684931889,0.6666666666666666,0.5,20260301,2
vertical_global,0.9,0.003,9.508452762098857e-05,0.00101556813101376,0.0014836960232038354,0.0014573441500613019,0.0014295126841055456,0.0018899746210505417,0.005293150064279703,0.6666666666666666,0.5,20260301,2
vertical_global,0.9,0.01,9.508812354452033e-05,0.0010155723175200003,0.0014836973690957331,0.0014573452438191995,0.0014295432348754057,0.0018899794638115198,0.005293119892142228,0.6666666666666666,0.5,20260301,2
vertical_global,0.9,0.03,9.50983975165988e-05,0.0010155842789200756,0.0014837012144816918,0.0014573483689105425,0.0014296305218973228,0.001889993300266401,0.005293033687277509,0.6666666666666666,0.5,20260301,2
vertical_global,0.9,0.1,9.51343553088543e-05,0.0010156261432796795,0.0014837146731157126,0.0014573593075345795,0.0014299360160669372,0.0018900417278004272,0.005292731984747341,0.6666666666666666,0.5,20260301,2
vertical_global,0.92,1e-06,9.508298701942834e-05,0.0010155663373923821,0.0008168518048725742,0.0008879867693612031,0.001121587536997669,0.0015483583990091039,0.004925356979489039,0.6666666666666666,0.5,20260301,2
vertical_global,0.92,3e-06,9.508298804684044e-05,0.001015566338588533,0.0008168518062324403,0.0008879867697668197,0.001121587545559728,0.0015483584004486247,0.00492535697180336,0.6666666666666666,0.5,20260301,2
vertical_global,0.92,1e-05,9.508299164285151e-05,0.0010155663427751024,0.0008168518109906709,0.0008879867711855905,0.0011215875755261593,0.0015483584054864568,0.004925356944903562,0.6666666666666666,0.5,20260301,2
vertical_global,0.92,3e-05,9.508300191709727e-05,0.0010155663547365358,0.000816851824586202,0.0008879867752397,0.0011215876611447668,0.0015483584198803556,0.004925356868047225,0.6666666666666666,0.5,20260301,2
vertical_global,0.92,0.0001,9.508303787627252e-05,0.00101556639660169,0.0008168518721699405,0.0008879867894289064,0.0011215879608102806,0.0015483584702590336,0.004925356599049971,0.6666666666666666,0.5,20260301,2
vertical_global,0.92,0.0003,9.508314061743408e-05,0.001015566516216354,0.0008168520081241951,0.0008879868299696775,0.0011215888169971509,0.0015483586141981608,0.0049253558304864255,0.6666666666666666,0.5,20260301,2
vertical_global,0.92,0.001,9.50835002112653e-05,0.0010155669348675584,0.0008168524839635524,0.0008879869718624317,0.0011215918136500448,0.0015483591179850174,0.004925353140515484,0.6666666666666666,0.5,20260301,2
vertical_global,0.92,0.003,9.508452762098857e-05,0.00101556813101376,0.0008168538435023701,0.0008879873772704949,0.0011216003755069254,0.0015483605573760571,0.0049253454548953066,0.6666666666666666,0.5,20260301,2
vertical_global,0.92,0.01,9.508812354452033e-05,0.0010155723175200003,0.0008168586018718222,0.0008879887962044614,0.0011216303419045038,0.0015483655952426773,0.004925318555360556,0.6666666666666666,0.5,20260301,2
vertical_global,0.92,0.03,9.50983975165988e-05,0.0010155842789200756,0.0008168721970661066,0.0008879928503503819,0.0011217159593143245,0.0015483799891303045,0.004925241700708613,0.6666666666666666,0.5,20260301,2
vertical_global,0.92,0.1,9.51343553088543e-05,0.0010156261432796795,0.0008169197785344787,0.0008880070404300609,0.0011220156101063917,0.0015484303675377161,0.0049249727229753685,0.6666666666666666,0.5,20260301,2
vertical_global,0.95,1e-06,9.508298701942834e-05,0.0010155663373923821,-0.0020221144324010136,-0.0019395625828241025,0.0006322699990405514,4.5785045980330955e-05,0.005405600581608704,0.16666666666666666,0.5,20260301,2
vertical_global,0.95,3e-06,9.508298804684044e-05,0.001015566338588533,-0.0020221144296676827,-0.0019395625783075274,0.000632269999636941,4.578504943476922e-05,0.005405600573431339,0.16666666666666666,0.5,20260301,2
vertical_global,0.95,1e-05,9.508299164285151e-05,0.0010155663427751024,-0.0020221144201023255,-0.0019395625624998355,0.0006322700017247956,4.5785061525184696e-05,0.005405600544810509,0.16666666666666666,0.5,20260301,2
vertical_global,0.95,3e-05,9.508300191709727e-05,0.0010155663547365358,-0.0020221143927720508,-0.0019395625173350053,0.0006322700076899983,4.578509606903295e-05,0.005405600463036677,0.16666666666666666,0.5,20260301,2
vertical_global,0.95,0.0001,9.508303787627252e-05,0.00101556639660169,-0.002022114297116306,-0.0019395623592578814,0.0006322700285676936,4.578521697274924e-05,0.005405600176828604,0.16666666666666666,0.5,20260301,2
vertical_global,0.95,0.0003,9.508314061743408e-05,0.001015566516216354,-0.002022114023814425,-0.0019395619076093607,0.0006322700882189563,4.5785562411673666e-05,0.005405599359090895,0.16666666666666666,0.5,20260301,2
vertical_global,0.95,0.001,9.50835002112653e-05,0.0010155669348675584,-0.002022113067258459,-0.001939560326840057,0.0006322702969980307,4.5786771447529906e-05,0.005405596497010776,0.16666666666666666,0.5,20260301,2
vertical_global,0.95,0.003,9.508452762098857e-05,0.00101556813101376,-0.0020221103342453503,-0.001939555810361602,0.0006322708935087627,4.5790225832959375e-05,0.005405588319652444,0.16666666666666666,0.5,20260301,2
vertical_global,0.95,0.01,9.508812354452033e-05,0.0010155723175200003,-0.002022100768750474,-0.001939540002751105,0.0006322729812886515,4.580231614444789e-05,0.005405559699053438,0.16666666666666666,0.5,20260301,2
vertical_global,0.95,0.03,9.50983975165988e-05,0.0010155842789200756,-0.0020220734391963933,-0.0019394948386981601,0.000632278946305195,4.5836859570995456e-05,0.005405477927245339,0.16666666666666666,0.5,20260301,2
vertical_global,0.95,0.1,9.51343553088543e-05,0.0010156261432796795,-0.002021977790786068,-0.0019393367709102023,0.0006322998230630488,4.595775782457867e-05,0.005405191741452542,0.16666666666666666,0.5,20260301,2
horizontal_global,0.85,1e-06,0.00023235359601458347,0.0008985145921316372,0.001513481970237895,0.0009357125186232381,0.0010429751559277414,0.00145994210330558,0.005461013199677138,0.6666666666666666,0.5,20260301,2
horizontal_global,0.85,3e-06,0.0002323535968579644,0.0008985145932819968,0.001513481974089577,0.0009357125181773989,0.0010429751655075586,0.001459942104188436,0.005461013192654558,0.6666666666666666,0.5,20260301,2
horizontal_global,0.85,1e-05,0.00023235359980998096,0.0008985145973082064,0.0015134819875694562,0.0009357125166163764,0.0010429751990364733,0.0014599421072780323,0.005461013168075736,0.6666666666666666,0.5,20260301,2
horizontal_global,0.85,3e-05,0.00023235360824446242,0.0008985146088118395,0.001513482026083696,0.0009357125121566574,0.0010429752948337586,0.0014599421161058338,0.005461013097850649,0.6666666666666666,0.5,20260301,2
horizontal_global,0.85,0.0001,0.00023235363776479858,0.0008985146490742153,0.0015134821608839026,0.0009357124965473077,0.0010429756301242434,0.0014599421470025999,0.005461012852063003,0.6666666666666666,0.5,20260301,2
horizontal_global,0.85,0.0003,0.00023235372210870056,0.0008985147641094173,0.0015134825460273566,0.0009357124519494326,0.001042976588097182,0.001459942235279077,0.0054610121498124145,0.6666666666666666,0.5,20260301,2
horizontal_global,0.85,0.001,0.00023235401731228235,0.0008985151667327921,0.0015134838940280989,0.0009357122958564792,0.0010429799410007561,0.0014599425442466797,0.005461009691936803,0.6666666666666666,0.5,20260301,2
horizontal_global,0.85,0.003,0.0002323548607504338,0.0008985163170849364,0.0015134877454557,0.0009357118498786524,0.0010429895207160567,0.0014599434270121277,0.005461002669446997,0.6666666666666666,0.5,20260301,2
horizontal_global,0.85,0.01,0.00023235781277562565,0.0008985203433128404,0.0015135012254086386,0.0009357102889739347,0.0010430230496037605,0.001459946516697201,0.005460978090871734,0.6666666666666666,0.5,20260301,2
horizontal_global,0.85,0.03,0.0002323662470584675,0.0008985318467802016,0.0015135397391883617,0.0009357058294005878,0.0010431188454378883,0.0014599553444205541,0.005460907867563801,0.6666666666666666,0.5,20260301,2
horizontal_global,0.85,0.1,0.00023239576618166703,0.0008985721084395449,0.0015136745330826215,0.0009356902226927197,0.0010434541193352401,0.0014599862420551764,0.005460662099897318,0.6666666666666666,0.5,20260301,2
horizontal_global,0.88,1e-06,0.00023235359601458347,0.0008985145921316372,0.00036349191646780797,0.0018848667767020332,0.0013701223863240319,0.0020294346581528574,0.0053655587333512845,0.5,0.5,20260301,2
horizontal_global,0.88,3e-06,0.0002323535968579644,0.0008985145932819968,0.00036349191787216116,0.0018848667763694798,0.0013701223947856088,0.0020294346591036845,0.005365558724873163,0.5,0.5,20260301,2
horizontal_global,0.88,1e-05,0.00023235359980998096,0.0008985145973082064,0.00036349192278740673,0.001884866775205429,0.0013701224244009975,0.0020294346624314635,0.005365558695200176,0.5,0.5,20260301,2
horizontal_global,0.88,3e-05,0.00023235360824446242,0.0008985146088118395,0.0003634919368311233,0.0018848667718795737,0.0013701225090158944,0.0020294346719395835,0.0053655586104201704,0.5,0.5,20260301,2
horizontal_global,0.88,0.0001,0.00023235363776479858,0.0008985146490742153,0.0003634919859826326,0.001884866760238907,0.0013701228051685582,0.00202943470521756,0.005365558313689789,0.5,0.5,20260301,2
horizontal_global,0.88,0.0003,0.00023235372210870056,0.0008985147641094173,0.0003634921264173615,0.0018848667269806367,0.001370123651319294,0.002029434800297799,0.00536555746588947,0.5,0.5,20260301,2
horizontal_global,0.88,0.001,0.00023235401731228235,0.0008985151667327921,0.00036349261793798527,0.0018848666105759683,0.0013701266128454484,0.002029435133078374,0.005365554498589251,0.5,0.5,20260301,2
horizontal_global,0.88,0.003,0.0002323548607504338,0.0008985163170849364,0.00036349402228009613,0.0018848662779927612,0.001370135074339543,0.0020294360838805934,0.005365546020600064,0.5,0.5,20260301,2
horizontal_global,0.88,0.01,0.00023235781277562565,0.0008985203433128404,0.0003634989374575103,0.001884865113968617,0.0013701646894685902,0.002029439411694011,0.0053655163477776035,0.5,0.5,20260301,2
horizontal_global,0.88,0.03,0.0002323662470584675,0.0008985318467802016,0.0003635129806516158,0.001884861788333392,0.0013702493032581782,0.0020294489197802365,0.005365431569478095,0.5,0.5,20260301,2
horizontal_global,0.88,0.1,0.00023239576618166703,0.0008985721084395449,0.0003635621298348615,0.0018848501503350697,0.0013705454414286943,0.0020294821986405866,0.005365134859348633,0.5,0.5,20260301,2
horizontal_global,0.9,1e-06,0.00023235359601458347,0.0008985145921316372,0.0014600135116487716,0.0012079217734337973,0.0008997239313911617,0.0016232676561919155,0.005543152030571548,0.6666666666666666,0.5,20260301,2
horizontal_global,0.9,3e-06,0.0002323535968579644,0.0008985145932819968,0.0014600135120599125,0.0012079217740255867,0.000899723939978129,0.001623267657697349,0.005543152022253946,0.6666666666666666,0.5,20260301,2
horizontal_global,0.9,1e-05,0.00023235359980998096,0.0008985145973082064,0.0014600135134995031,0.001207921776097034,0.000899723970032602,0.001623267662966427,0.005543151993142816,0.6666666666666666,0.5,20260301,2
horizontal_global,0.9,3e-05,0.00023235360824446242,0.0008985146088118395,0.001460013517611794,0.0012079217820151822,0.0008997240559027996,0.0016232676780209487,0.0055431519099680355,0.6666666666666666,0.5,20260301,2
horizontal_global,0.9,0.0001,0.00023235363776479858,0.0008985146490742153,0.0014600135320048252,0.0012079218027293578,0.0008997243564487544,0.00162326773071183,0.005543151618855908,0.6666666666666666,0.5,20260301,2
horizontal_global,0.9,0.0003,0.00023235372210870056,0.0008985147641094173,0.001460013573128529,0.0012079218619125553,0.0008997252151505743,0.0016232678812569507,0.005543150787107417,0.6666666666666666,0.5,20260301,2
horizontal_global,0.9,0.001,0.00023235401731228235,0.0008985151667327921,0.00146001371706033,0.001207922069053355,0.0008997282206067675,0.0016232684081648053,0.005543147875988702,0.6666666666666666,0.5,20260301,2
horizontal_global,0.9,0.003,0.0002323548607504338,0.0008985163170849364,0.0014600141282942235,0.0012079226608844391,0.0008997368076154146,0.0016232699136156,0.005543139558518975,0.6666666666666666,0.5,20260301,2
horizontal_global,0.9,0.01,0.00023235781277562565,0.0008985203433128404,0.0014600155676097097,0.0012079247322966695,0.0008997668620423641,0.0016232751826908423,0.005543110447515773,0.6666666666666666,0.5,20260301,2
horizontal_global,0.9,0.03,0.0002323662470584675,0.0008985318467802016,0.001460019679918118,0.0012079306506448389,0.0008998527309517397,0.0016232902371671049,0.005543027274431068,0.6666666666666666,0.5,20260301,2
horizontal_global,0.9,0.1,0.00023239576618166703,0.0008985721084395449,0.001460034072731972,0.001207951365184809,0.0009001532618433243,0.0016233429275504304,0.0055427361827439445,0.6666666666666666,0.5,20260301,2
horizontal_global,0.92,1e-06,0.00023235359601458347,0.0008985145921316372,0.0007714391318290761,0.0006705811729423249,0.0007889542773033664,0.0013008632958970321,0.005232092214473263,0.6666666666666666,0.5,20260301,2
horizontal_global,0.92,3e-06,0.0002323535968579644,0.0008985145932819968,0.0007714391332543263,0.0006705811735946474,0.0007889542778474203,0.0013008632974387852,0.005232092206910322,0.6666666666666666,0.5,20260301,2
horizontal_global,0.92,1e-05,0.00023235359980998096,0.0008985145973082064,0.0007714391382424182,0.0006705811758772018,0.0007889542797524065,0.0013008633028345274,0.005232092180440513,0.6666666666666666,0.5,20260301,2
horizontal_global,0.92,3e-05,0.00023235360824446242,0.0008985146088118395,0.0007714391524944275,0.0006705811823991448,0.0007889542851951582,0.0013008633182513263,0.005232092104812443,0.6666666666666666,0.5,20260301,2
horizontal_global,0.92,0.0001,0.00023235363776479858,0.0008985146490742153,0.0007714392023760521,0.0006705812052256195,0.0007889543042444507,0.001300863372209587,0.005232091840114259,0.6666666666666666,0.5,20260301,2
horizontal_global,0.92,0.0003,0.00023235372210870056,0.0008985147641094173,0.0007714393448957616,0.0006705812704447313,0.0007889543586711401,0.001300863526376256,0.00523209108383399,0.6666666666666666,0.5,20260301,2
horizontal_global,0.92,0.001,0.00023235401731228235,0.0008985151667327921,0.0007714398437136644,0.0006705814987112572,0.0007889545491638511,0.0013008640659595463,0.005232088436854023,0.6666666666666666,0.5,20260301,2
horizontal_global,0.92,0.003,0.0002323548607504338,0.0008985163170849364,0.0007714412689059591,0.0006705821509012792,0.0007889550934287379,0.0013008656076257037,0.005232080874065384,0.6666666666666666,0.5,20260301,2
horizontal_global,0.92,0.01,0.00023235781277562565,0.0008985203433128404,0.0007714462570610114,0.0006705844335677157,0.000788956998347599,0.0013008710034534698,0.005232054404436733,0.6666666666666666,0.5,20260301,2
horizontal_global,0.92,0.03,0.0002323662470584675,0.0008985318467802016,0.0007714605087751091,0.0006705909554840295,0.0007889624409038496,0.0013008864200706191,0.0052319787780549815,0.6666666666666666,0.5,20260301,2
horizontal_global,0.92,0.1,0.00023239576618166703,0.0008985721084395449,0.0007715103879394144,0.000670613782330433,0.0007889814890447559,0.0013009403778378047,0.005231714098881815,0.6666666666666666,0.5,20260301,2
horizontal_global,0.95,1e-06,0.00023235359601458347,0.0008985145921316372,-0.0020106234813870795,-0.0018557281515866491,0.0006940606988886544,-2.9349483661687147e-05,0.005491176691405879,0.16666666666666666,0.5,20260301,2
horizontal_global,0.95,3e-06,0.0002323535968579644,0.0008985145932819968,-0.0020106234786395573,-0.0018557281471274043,0.00069406069933299,-2.9349480281705306e-05,0.005491176683272899,0.16666666666666666,0.5,20260301,2
horizontal_global,0.95,1e-05,0.00023235359980998096,0.0008985145973082064,-0.002010623469023989,-0.0018557281315205523,0.0006940607008886177,-2.934946845206958e-05,0.00549117665480769,0.16666666666666666,0.5,20260301,2
horizontal_global,0.95,3e-05,0.00023235360824446242,0.0008985146088118395,-0.0020106234415502846,-0.001855728086929223,0.0006940607053328904,-2.9349434652771948e-05,0.005491176573478551,0.16666666666666666,0.5,20260301,2
horizontal_global,0.95,0.0001,0.00023235363776479858,0.0008985146490742153,-0.002010623345392646,-0.0018557279308593299,0.000694060720887838,-2.9349316355449632e-05,0.005491176288826536,0.16666666666666666,0.5,20260301,2
horizontal_global,0.95,0.0003,0.00023235372210870056,0.0008985147641094173,-0.0020106230706564707,-0.0018557274849457129,0.0006940607653304666,-2.9348978363439025e-05,0.005491175475534774,0.16666666666666666,0.5,20260301,2
horizontal_global,0.95,0.001,0.00023235401731228235,0.0008985151667327921,-0.002010622109081344,-0.0018557259242491207,0.0006940609208801973,-2.93477953917681e-05,0.005491172629015688,0.16666666666666666,0.5,20260301,2
horizontal_global,0.95,0.003,0.0002323548607504338,0.0008985163170849364,-0.0020106193617272484,-0.0018557214651209034,0.0006940613653072693,-2.9344415475515407e-05,0.005491164496116976,0.16666666666666666,0.5,20260301,2
horizontal_global,0.95,0.01,0.00023235781277562565,0.0008985203433128404,-0.002010609746038806,-0.001855705858235664,0.0006940629207965636,-2.9332585804991578e-05,0.005491136031122415,0.16666666666666666,0.5,20260301,2
horizontal_global,0.95,0.03,0.0002323662470584675,0.0008985318467802016,-0.0020105822730780666,-0.001855661267679267,0.0006940673650006723,-2.9298787059431964e-05,0.005491054703864364,0.16666666666666666,0.5,20260301,2
horizontal_global,0.95,0.1,0.00023239576618166703,0.0008985721084395449,-0.002010486122786469,-0.0018555052070808437,0.0006940829191230283,-2.9180495100876924e-05,0.005490770073594576,0.16666666666666666,0.5,20260301,2
vertical_regime,0.85,1e-06,0.1215942123350515,0.13798665738034924,0.33387755925321283,0.27637810438372795,0.03679804511910578,0.303813520010586,0.14986228062788726,0.8333333333333334,1.0,20260301,5
vertical_regime,0.85,3e-06,0.12159421237244772,0.13798665739091073,0.33387755947668885,0.27637810449992073,0.036798045089050144,0.30381352009086315,0.14986228040810975,0.8333333333333334,1.0,20260301,5
vertical_regime,0.85,1e-05,0.12159421250333484,0.13798665742787605,0.333877560258855,0.27637810490659537,0.03679804498385578,0.3038135203718333,0.14986227963888896,0.8333333333333334,1.0,20260301,5
vertical_regime,0.85,3e-05,0.12159421287729788,0.13798665753349112,0.33387756249361544,0.2763781060685229,0.03679804468330012,0.30381352117460486,0.14986227744111547,0.8333333333333334,1.0,20260301,5
vertical_regime,0.85,0.0001,0.12159421418616828,0.13798665790314393,0.3338775703152763,0.276378110135269,0.03679804363135569,0.30381352398430533,0.14986226974890846,0.8333333333333334,1.0,20260301,5
vertical_regime,0.85,0.0003,0.121594217925797,0.13798665895929454,0.333877592662876,0.27637812175454185,0.03679804062580049,0.3038135320120196,0.14986224777117876,0.8333333333333334,1.0,20260301,5
vertical_regime,0.85,0.001,0.12159423101448819,0.13798666265582007,0.33387767087943804,0.27637816242197627,0.03679803010636616,0.3038135601090058,0.14986217084917958,0.8333333333333334,1.0,20260301,5
vertical_regime,0.85,0.003,0.1215942684106679,0.1379866732173068,0.33387789435501725,0.27637827861447173,0.03679800005090917,0.30381364038598985,0.14986195107250752,0.8333333333333334,1.0,20260301,5
vertical_regime,0.85,0.01,0.12159439929635008,0.13798671018233535,0.33387867651589553,0.27637868528617116,0.0367978948576229,0.30381392135403806,0.1498611818596166,0.8333333333333334,1.0,20260301,5
vertical_regime,0.85,0.03,0.12159477324733031,0.13798681579520397,0.33388091122998764,0.27637984718787234,0.03679759431235463,0.30381472410792737,0.14985898415531132,0.8333333333333334,1.0,20260301,5
vertical_regime,0.85,0.1,0.12159608198112545,0.1379871854227599,0.3338887323644627,0.2763839136403683,0.036796542485314485,0.3038175336069809,0.14985129273635228,0.8333333333333334,1.0,20260301,5
vertical_regime,0.88,1e-06,0.10421508042117086,0.11865206459550816,0.3535216012342046,0.2899990292062201,0.019642804755038212,0.29265148211924025,0.16049607514117392,0.8333333333333334,1.0,20260301,5
vertical_regime,0.88,3e-06,0.10421508038795346,0.11865206460847422,0.3535216014592035,0.2899990293426525,0.019642804730941432,0.29265148221406573,0.16049607488386308,0.8333333333333334,1.0,20260301,5
vertical_regime,0.88,1e-05,0.1042150802716931,0.1186520646538558,0.35352160224669893,0.28999902982016534,0.019642804646604232,0.292651482545955,0.16049607398327537,0.8333333333333334,1.0,20260301,5
vertical_regime,0.88,3e-05,0.10421507993952026,0.11865206478351724,0.35352160449668535,0.2899990311844877,0.019642804405640115,0.29265148349420983,0.1604960714101675,0.8333333333333334,1.0,20260301,5
vertical_regime,0.88,0.0001,0.10421507877691547,0.11865206523733214,0.35352161237163787,0.2899990359596157,0.019642803562266116,0.29265148681310155,0.16049606240429112,0.8333333333333334,1.0,20260301,5
vertical_regime,0.88,0.0003,0.10421507545518753,0.11865206653394604,0.35352163487149985,0.28999904960283707,0.019642801152626007,0.29265149629564835,0.1604960366732205,0.8333333333333334,1.0,20260301,5
vertical_regime,0.88,0.001,0.10421506382914343,0.11865207107209252,0.35352171362097873,0.28999909735408785,0.01964279271889362,0.2926515294845452,0.16049594661453512,0.8333333333333334,1.0,20260301,5
vertical_regime,0.88,0.003,0.10421503061190292,0.11865208403820719,0.353521938619174,0.28999923378603126,0.01964276862257539,0.292651624309826,0.16049568930453334,0.8333333333333334,1.0,20260301,5
vertical_regime,0.88,0.01,0.10421491435188948,0.11865212941939342,0.3535227261091719,0.2899997112954825,0.019642684286164353,0.2926519561966829,0.16049478872568107,0.8333333333333334,1.0,20260301,5
vertical_regime,0.88,0.03,0.1042145821832391,0.1186522590780842,0.35352497604899935,0.2900010755880471,0.019642443331013636,0.29265290443091246,0.16049221569599992,0.8333333333333334,1.0,20260301,5
vertical_regime,0.88,0.1,0.10421341962582133,0.11865271286201866,0.35353285046981164,0.2900058503769181,0.019641600058255618,0.2926562230881695,0.16048321070753696,0.8333333333333334,1.0,20260301,5
vertical_regime,0.9,1e-06,0.09893360656704228,0.10726554255358918,0.3399730252507282,0.2898978264903875,0.014356715578085884,0.28120423844782166,0.16929119180523747,0.8333333333333334,1.0,20260301,5
vertical_regime,0.9,3e-06,0.0989336065322956,0.10726554256408856,0.3399730255380503,0.28989782664404845,0.014356715553739484,0.2812042385505176,0.16929119154477415,0.8333333333333334,1.0,20260301,5
vertical_regime,0.9,1e-05,0.09893360641068269,0.10726554260083686,0.33997302654367834,0.289897827181862,0.014356715468526866,0.281204238909954,0.1692911906331522,0.8333333333333334,1.0,20260301,5
vertical_regime,0.9,3e-05,0.09893360606321688,0.10726554270583162,0.33997302941690033,0.28989782871847164,0.014356715225062088,0.2812042399369146,0.16929118802851842,0.8333333333333334,1.0,20260301,5
vertical_regime,0.9,0.0001,0.09893360484708627,0.10726554307331315,0.33997303947317803,0.2898978340966056,0.014356714372935573,0.2812042435312765,0.16929117891230078,0.8333333333333334,1.0,20260301,5
vertical_regime,0.9,0.0003,0.0989336013724274,0.10726554412326018,0.33997306820539513,0.2898978494626999,0.014356711938289073,0.2812042538008801,0.16929115286596993,0.8333333333333334,1.0,20260301,5
vertical_regime,0.9,0.001,0.09893358921112597,0.1072655477980727,0.3399731687681069,0.2898979032440015,0.014356703417031401,0.2812042897444736,0.169291061703875,0.8333333333333334,1.0,20260301,5
vertical_regime,0.9,0.003,0.09893355446458565,0.10726555829751855,0.33997345608972396,0.2898980569046183,0.01435667907063327,0.28120439244028955,0.16929080124128493,0.8333333333333334,1.0,20260301,5
vertical_regime,0.9,0.01,0.09893343285209696,0.10726559504535704,0.33997446171052287,0.2898985947139185,0.014356593858837113,0.28120475187370814,0.16928988962850092,0.8333333333333334,1.0,20260301,5
vertical_regime,0.9,0.03,0.0989330853912973,0.10726570003728264,0.33997733487114434,0.28990013128741754,0.014356350401685675,0.2812057788097332,0.16928728507438423,0.8333333333333334,1.0,20260301,5
vertical_regime,0.9,0.1,0.0989318693187933,0.10726606748686918,0.33998739044730264,0.2899055090088302,0.014355498361429945,0.28120937289216735,0.16927816976304375,0.8333333333333334,1.0,20260301,5
vertical_regime,0.92,1e-06,0.08962074040954265,0.09753997198770065,0.3777108041920475,0.2980334916093544,0.012772677289989987,0.2763600669533132,0.1850218912071174,0.8333333333333334,1.0,20260301,5
vertical_regime,0.92,3e-06,0.08962074038240203,0.0975399719911193,0.37771080433945964,0.2980334917232715,0.012772677263124425,0.27636006702508215,0.18502189095502763,0.8333333333333334,1.0,20260301,5
vertical_regime,0.92,1e-05,0.08962074028740952,0.09753997200308473,0.3777108048554021,0.29803349212198077,0.012772677169094443,0.27636006727627316,0.18502189007271375,0.8333333333333334,1.0,20260301,5
vertical_regime,0.92,3e-05,0.08962074001600273,0.09753997203727144,0.3777108063295232,0.2980334932611503,0.01277267690043789,0.27636006799396157,0.18502188755181667,0.8333333333333334,1.0,20260301,5
vertical_regime,0.92,0.0001,0.08962073906607848,0.09753997215692502,0.37771081148894714,0.2980334972482431,0.01277267596014034,0.27636007050587086,0.1850218787286783,0.8333333333333334,1.0,20260301,5
vertical_regime,0.92,0.0003,0.08962073635200893,0.09753997249879191,0.3777108262301556,0.2980335086399356,0.012772673273575565,0.2763600776827533,0.18502185351971567,0.8333333333333334,1.0,20260301,5
vertical_regime,0.92,0.001,0.08962072685276948,0.09753997369532524,0.37771087782435453,0.29803354851083724,0.012772663870604639,0.2763601028018276,0.18502176528840214,0.8333333333333334,1.0,20260301,5
vertical_regime,0.92,0.003,0.08962069971211531,0.09753997711398382,0.37771102523608435,0.2980336624275116,0.012772637005023159,0.27636017457049084,0.185021513199409,0.8333333333333334,1.0,20260301,5
vertical_regime,0.92,0.01,0.08962060472016753,0.09753998907918872,0.37771154117403416,0.2980340611336905,0.0127725429760552,0.27636042575940306,0.18502063089346427,0.8333333333333334,1.0,20260301,5
vertical_regime,0.92,0.03,0.08962033331753405,0.09754002326463235,0.3777130152558459,0.29803520027550007,0.012772274326729366,0.2763611434299324,0.18501811006674895,0.8333333333333334,1.0,20260301,5
vertical_regime,0.92,0.1,0.08961938344252433,0.09754014290369983,0.3777181742316848,0.2980391870536591,0.01277133411088721,0.2763636551358953,0.18500928772635455,0.8333333333333334,1.0,20260301,5
vertical_regime,0.95,1e-06,0.08018750614473362,0.07878296477908471,0.4073281328827538,0.3245792688265627,0.00958519454504084,0.24107259919236604,0.19070462364609572,0.8333333333333334,1.0,20260301,5
vertical_regime,0.95,3e-06,0.08018750609536426,0.07878296476981564,0.4073281329813511,0.3245792688847535,0.009585194524971403,0.2410725992121924,0.19070462344240915,0.8333333333333334,1.0,20260301,5
vertical_regime,0.95,1e-05,0.08018750592257169,0.07878296473737399,0.40732813332644185,0.32457926908842116,0.009585194454727896,0.24107259928158456,0.19070462272950578,0.8333333333333334,1.0,20260301,5
vertical_regime,0.95,3e-05,0.08018750542887838,0.07878296464468364,0.4073281343124147,0.32457926967032896,0.009585194254031962,0.24107259947984816,0.19070462069263858,0.8333333333333334,1.0,20260301,5
vertical_regime,0.95,0.0001,0.08018750370095207,0.07878296432026727,0.40732813776332094,0.3245792717070064,0.009585193551596892,0.2410726001737705,0.19070461356360485,0.8333333333333334,1.0,20260301,5
vertical_regime,0.95,0.0003,0.08018749876402079,0.07878296339336341,0.40732814762305186,0.32457927752608395,0.009585191544640149,0.24107260215640536,0.19070459319494223,0.8333333333333334,1.0,20260301,5
vertical_regime,0.95,0.001,0.0801874814847713,0.07878296014920129,0.40732818213210653,0.32457929789285045,0.009585184520294476,0.24107260909562653,0.1907045219046893,0.8333333333333334,1.0,20260301,5
vertical_regime,0.95,0.003,0.08018743211557543,0.07878295088018081,0.40732828072937516,0.324579356083571,0.009585164450764096,0.24107262892196632,0.19070431821881534,0.8333333333333334,1.0,20260301,5
vertical_regime,0.95,0.01,0.08018725932441598,0.0787829184387695,0.4073286258194517,0.32457955975061203,0.009585094207744763,0.24107269831407552,0.19070360532482433,0.8333333333333334,1.0,20260301,5
vertical_regime,0.95,0.03,0.08018676564418768,0.07878282575039884,0.40732961178798976,0.3245801416523225,0.009584893516284273,0.2410728965765601,0.190701568541148,0.8333333333333334,1.0,20260301,5
vertical_regime,0.95,0.1,0.08018503786603029,0.07878250135714993,0.4073330626415929,0.32458217826023406,0.00958419112978437,0.24107359048726698,0.19069444045503683,0.8333333333333334,1.0,20260301,5
horizontal_regime,0.85,1e-06,0.12231928165852965,0.13831086876444754,0.33419078836761473,0.27651516648838004,0.036825500535636047,0.3042199686574755,0.1496234034646441,0.8333333333333334,1.0,20260301,5
horizontal_regime,0.85,3e-06,0.12231928169458522,0.13831086877419582,0.33419078859086415,0.276515166604448,0.036825500505374364,0.30421996873686463,0.14962340324516207,0.8333333333333334,1.0,20260301,5
horizontal_regime,0.85,1e-05,0.12231928182077938,0.1383108688083149,0.33419078937223634,0.2765151670106856,0.03682550039945837,0.3042199690147262,0.14962340247697578,0.8333333333333334,1.0,20260301,5
horizontal_regime,0.85,3e-05,0.12231928218133462,0.138310868905798,0.33419079160472875,0.27651516817136473,0.036825500096841324,0.3042199698086168,0.14962340028215756,0.8333333333333334,1.0,20260301,5
horizontal_regime,0.85,0.0001,0.12231928344327733,0.13831086924698882,0.33419079941845153,0.2765151722337411,0.03682549903768158,0.3042199725872335,0.1496233926002942,0.8333333333333334,1.0,20260301,5
horizontal_regime,0.85,0.0003,0.12231928704882683,0.13831087022181934,0.33419082174337034,0.2765151838405289,0.03682549601151147,0.3042199805261367,0.14962337065211823,0.8333333333333334,1.0,20260301,5
horizontal_regime,0.85,0.001,0.12231929966824119,0.13831087363372485,0.33419089988054995,0.2765152244642661,0.03682548541992459,0.30422000831228446,0.1496232938335568,0.8333333333333334,1.0,20260301,5
horizontal_regime,0.85,0.003,0.12231933572363284,0.138310883382013,0.3341911231293223,0.27651534053191246,0.036825455158318865,0.3042200877011605,0.14962307435242103,0.8333333333333334,1.0,20260301,5
horizontal_regime,0.85,0.01,0.12231946191659411,0.1383109175008675,0.3341919044963818,0.2765157467666431,0.0368253492435264,0.30422036556085336,0.14962230617391048,0.8333333333333334,1.0,20260301,5
horizontal_regime,0.85,0.03,0.12231982246011483,0.13831101498198586,0.3341941369424609,0.27651690741988705,0.03682504663693549,0.3042211594339181,0.14962011142500248,0.8333333333333334,1.0,20260301,5
horizontal_regime,0.85,0.1,0.12232108427147217,0.1383113561504651,0.33420195013936105,0.27652096950307836,0.0368239875967065,0.3042239378523121,0.14961243035022306,0.8333333333333334,1.0,20260301,5
horizontal_regime,0.88,1e-06,0.104292142789638,0.11882845797769519,0.3535821201821201,0.2900150619287693,0.019601138223024873,0.2928374951349567,0.1602416158193163,0.8333333333333334,1.0,20260301,5
horizontal_regime,0.88,3e-06,0.10429214275656461,0.11882845799008192,0.3535821204076399,0.2900150620653456,0.019601138199009636,0.29283749522928926,0.16024161556175906,0.8333333333333334,1.0,20260301,5
horizontal_regime,0.88,1e-05,0.10429214264080772,0.11882845803343565,0.3535821211969592,0.290015062543362,0.019601138114956868,0.2928374955594529,0.16024161466030876,0.8333333333333334,1.0,20260301,5
horizontal_regime,0.88,3e-05,0.10429214231007347,0.1188284581573031,0.353582123452156,0.2900150639091233,0.019601137874805455,0.2928374965027771,0.16024161208473686,0.8333333333333334,1.0,20260301,5
horizontal_regime,0.88,0.0001,0.10429214115250354,0.1188284585908392,0.35358213134534544,0.29001506868928734,0.019601137034276055,0.2928374998044116,0.1602416030702355,0.8333333333333334,1.0,20260301,5
horizontal_regime,0.88,0.0003,0.10429213784516118,0.11882845982951361,0.35358215389731273,0.2900150823468975,0.019601134632764042,0.292837509237652,0.1602415773145221,0.8333333333333334,1.0,20260301,5
horizontal_regime,0.88,0.001,0.10429212626946677,0.11882846416487214,0.35358223282916024,0.29001513014850894,0.019601126227479213,0.29283754225397746,0.1602414871695876,0.8333333333333334,1.0,20260301,5
horizontal_regime,0.88,0.003,0.10429209319608256,0.11882847655159345,0.35358245834840707,0.2900152667243397,0.01960110221243943,0.29283763658619727,0.16024122961315854,0.8333333333333334,1.0,20260301,5
horizontal_regime,0.88,0.01,0.104291977439567,0.11882851990491455,0.35358324766206883,0.2900157447373922,0.0196010181604993,0.29283796674734985,0.16024032817180284,0.8333333333333334,1.0,20260301,5
horizontal_regime,0.88,0.03,0.1042916467094911,0.11882864376980219,0.3535855028122243,0.2900171104687849,0.019600778018093745,0.29283891005107315,0.16023775267775262,0.8333333333333334,1.0,20260301,5
horizontal_regime,0.88,0.1,0.10429048918719061,0.11882907727656389,0.35359339546754653,0.29002189029316855,0.01959993758960325,0.29284221145246503,0.160228739063145,0.8333333333333334,1.0,20260301,5
horizontal_regime,0.9,1e-06,0.09902453900022495,0.10740438226640546,0.3401222508069511,0.28995399911683445,0.014233251299880633,0.2813767817365061,0.16888161296109816,0.8333333333333334,1.0,20260301,5
horizontal_regime,0.9,3e-06,0.09902453896447513,0.10740438227483318,0.3401222510942486,0.2899539992641282,0.01423325127477848,0.28137678183331,0.16888161270777297,0.8333333333333334,1.0,20260301,5
horizontal_regime,0.9,1e-05,0.09902453883935083,0.10740438230433058,0.34012225209978963,0.28995399977965614,0.014233251186921115,0.28137678217212425,0.16888161182113454,0.8333333333333334,1.0,20260301,5
horizontal_regime,0.9,3e-05,0.0990245384818532,0.10740438238860878,0.34012225497276377,0.28995400125259313,0.014233250935899664,0.2813767831401647,0.16888160928788212,0.8333333333333334,1.0,20260301,5
horizontal_regime,0.9,0.0001,0.099024537230611,0.10740438268358243,0.34012226502817433,0.2899540064078729,0.014233250057324974,0.28137678652830617,0.16888160042149905,0.8333333333333334,1.0,20260301,5
horizontal_regime,0.9,0.0003,0.09902453365563353,0.10740438352636411,0.3401222937579133,0.28995402113724117,0.014233247547111846,0.28137679620870887,0.16888157508898113,0.8333333333333334,1.0,20260301,5
horizontal_regime,0.9,0.001,0.09902452114321729,0.1074043864760985,0.3401223943119517,0.28995407269000306,0.014233238761372068,0.28137683009010034,0.1688814864252293,0.8333333333333334,1.0,20260301,5
horizontal_regime,0.9,0.003,0.09902448539349272,0.10740439490389637,0.3401226816087878,0.2899542199833773,0.01423321365931052,0.2813769268939228,0.16888123310074432,0.8333333333333334,1.0,20260301,5
horizontal_regime,0.9,0.01,0.09902436026987815,0.10740442440101627,0.3401236871428547,0.2899547355074895,0.014233125802702251,0.28137726570550997,0.16888034647111316,0.8333333333333334,1.0,20260301,5
horizontal_regime,0.9,0.03,0.09902400277745116,0.10740450867702472,0.34012656005568076,0.28995620841040476,0.014232874789022637,0.28137823372326753,0.16887781329559412,0.8333333333333334,1.0,20260301,5
horizontal_regime,0.9,0.1,0.09902275159612522,0.10740480362582355,0.3401366147646745,0.2899613633008905,0.014231996301833414,0.2813816216063578,0.1688689477878919,0.8333333333333334,1.0,20260301,5
horizontal_regime,0.92,1e-06,0.08970542970001558,0.09765906369728776,0.37756140611731526,0.2980113313211747,0.012667116205504066,0.27646586248999255,0.184660233518605,0.8333333333333334,1.0,20260301,5
horizontal_regime,0.92,3e-06,0.08970542967348508,0.09765906370130002,0.37756140626530704,0.2980113314352056,0.012667116177445698,0.2764658625624234,0.1846602332659129,0.8333333333333334,1.0,20260301,5
horizontal_regime,0.92,1e-05,0.08970542958062748,0.09765906371534301,0.37756140678327865,0.29801133183431366,0.012667116079241198,0.27646586281593116,0.1846602323814916,0.8333333333333334,1.0,20260301,5
horizontal_regime,0.92,3e-05,0.0897054293153201,0.09765906375546558,0.37756140826319673,0.29801133297462196,0.012667115798657185,0.2764658635402387,0.18466022985457295,0.8333333333333334,1.0,20260301,5
horizontal_regime,0.92,0.0001,0.08970542838674443,0.09765906389589463,0.3775614134429095,0.298011336965701,0.012667114816613144,0.27646586607531515,0.1846602210103587,0.8333333333333334,1.0,20260301,5
horizontal_regime,0.92,0.0003,0.08970542573367091,0.09765906429712022,0.3775614282420867,0.29801134836878196,0.01266711201077406,0.2764658733183894,0.1846601957411797,0.8333333333333334,1.0,20260301,5
horizontal_regime,0.92,0.001,0.08970541644791807,0.09765906570140893,0.3775614800391758,0.298011388279544,0.012667102190342219,0.2764658986691353,0.18466010729910892,0.8333333333333334,1.0,20260301,5
horizontal_regime,0.92,0.003,0.08970538991722335,0.09765906971365236,0.3775616280305911,0.29801150231010526,0.01266707413201682,0.2764659710997155,0.18465985460795445,0.8333333333333334,1.0,20260301,5
horizontal_regime,0.92,0.01,0.08970529706011796,0.09765908375638681,0.3775621459974231,0.2980119014148844,0.012666975928469536,0.2764662246053175,0.18465897019446897,0.8333333333333334,1.0,20260301,5
horizontal_regime,0.92,0.03,0.08970503175689565,0.09765912387747828,0.37756362587590486,0.2980130416955284,0.012666695351977413,0.2764669488947954,0.184656443346414,0.8333333333333334,1.0,20260301,5
horizontal_regime,0.92,0.1,0.08970410322821072,0.09765926428954995,0.3775688051384911,0.2980170324593306,0.012665713393420753,0.27646948376514824,0.18464759993372754,0.8333333333333334,1.0,20260301,5
horizontal_regime,0.95,1e-06,0.08021346730817268,0.07881971816426377,0.40745314412173045,0.32473148833846077,0.009390911409576375,0.24118546233349422,0.19034914410829212,0.8333333333333334,1.0,20260301,5
horizontal_regime,0.95,3e-06,0.08021346725755363,0.07881971815384664,0.40745314421980156,0.32473148839627,0.009390911388488713,0.24118546235198157,0.19034914390421945,0.8333333333333334,1.0,20260301,5
horizontal_regime,0.95,1e-05,0.08021346708038646,0.0788197181173868,0.40745314456305004,0.3247314885986019,0.009390911314681805,0.24118546241668773,0.19034914318996465,0.8333333333333334,1.0,20260301,5
horizontal_regime,0.95,3e-05,0.08021346657419484,0.07881971801321593,0.40745314554375994,0.3247314891766929,0.009390911103805598,0.2411854626015624,0.1903491411492369,0.8333333333333334,1.0,20260301,5
horizontal_regime,0.95,0.0001,0.08021346480252327,0.07881971764861727,0.4074531489762451,0.3247314912000122,0.009390910365737977,0.24118546324862333,0.19034913400669065,0.8333333333333334,1.0,20260301,5
horizontal_regime,0.95,0.0003,0.08021345974060601,0.07881971660690736,0.40745315878334504,0.3247314969809237,0.009390908256974029,0.24118546509736916,0.19034911359942072,0.8333333333333334,1.0,20260301,5
horizontal_regime,0.95,0.001,0.08021344202390637,0.07881971296092431,0.407453193108191,0.32473151721410887,0.00939090087630442,0.24118547156797873,0.19034904217404286,0.8333333333333334,1.0,20260301,5
horizontal_regime,0.95,0.003,0.0802133914048545,0.07881970254384582,0.40745329117914963,0.3247315750231692,0.009390879788706995,0.24118549005543044,0.19034883810209852,0.8333333333333334,1.0,20260301,5
horizontal_regime,0.95,0.01,0.08021321423922344,0.0788196660842546,0.4074536344271569,0.3247317773544101,0.009390805982471542,0.24118555476145961,0.1903481238568737,0.8333333333333334,1.0,20260301,5
horizontal_regime,0.95,0.03,0.08021270806070577,0.0788195619155647,0.40745461513276426,0.32473235543963785,0.009390595110559466,0.24118573963538362,0.1903460832126356,0.8333333333333334,1.0,20260301,5
horizontal_regime,0.95,0.1,0.08021093654088379,0.07881919734347564,0.4074580475675621,0.32473437869089555,0.009389857094410427,0.24118638668892345,0.19033894161580114,0.8333333333333334,1.0,20260301,5
