case_id,profile,scale,phi_total,phi_target,Lambda_numerical,Lambda_theory,rel_error,rel_error_pct
0,constant,-0.23934706437529873,-0.8503581744437108,-0.8503581744437098,-0.7193520639589992,-0.7193520639589989,4.63009594432095e-16,4.6300959443209496e-14
0,gaussian,-0.9692684790720845,-0.8503581744437099,-0.8503581744437098,-0.7193520639589983,-0.7193520639589984,1.543365314773651e-16,1.543365314773651e-14
0,oscillating,-2.3231551100919505,-0.8503581744437099,-0.8503581744437098,-0.7193520639589988,-0.7193520639589984,4.630095944320953e-16,4.630095944320953e-14
1,constant,-0.960558655441746,-2.6718610631131128,-2.6718610631131128,-0.23134424906390266,-0.2313442490639026,2.3995042650022447e-16,2.3995042650022448e-14
1,gaussian,-3.0456970542297372,-2.6718610631131123,-2.6718610631131128,-0.2313442490639029,-0.2313442490639028,4.799008530004485e-16,4.799008530004485e-14
1,oscillating,8.104251173228704,-2.671861063113114,-2.6718610631131128,-0.2313442490639022,-0.231344249063902,8.398264927507879e-16,8.398264927507878e-14
2,constant,2.492852586554453,2.193861628092264,2.1938616280922627,0.1604551714282541,0.16045517142825402,5.189407490310659e-16,5.1894074903106587e-14
2,gaussian,3.160283437236467,2.1938616280922636,2.1938616280922627,0.16045517142825405,0.16045517142825408,1.729802496770219e-16,1.729802496770219e-14
2,oscillating,4.467833440294812,2.193861628092262,2.1938616280922627,0.16045517142825444,0.1604551714282543,8.649012483851083e-16,8.649012483851083e-14
3,constant,0.5877726811301756,1.9897469808362576,1.9897469808362558,0.24322082412519794,0.24322082412519783,4.564670926588363e-16,4.564670926588363e-14
3,gaussian,2.2679864881947562,1.9897469808362553,1.9897469808362558,0.24322082412519797,0.2432208241251981,5.705838658235447e-16,5.705838658235447e-14
3,oscillating,8.502661052114895,1.9897469808362562,1.9897469808362558,0.24322082412519785,0.243220824125198,5.705838658235449e-16,5.70583865823545e-14
4,constant,0.9938182648770281,2.9082272565738556,2.90822725657386,0.06635147021585289,0.06635147021585291,4.1831138820789896e-16,4.18311388207899e-14
4,gaussian,3.3149970292854674,2.9082272565738623,2.90822725657386,0.06635147021585105,0.06635147021585107,2.091556941039553e-16,2.091556941039553e-14
4,oscillating,-13.940221158439181,2.908227256573859,2.90822725657386,0.06635147021585201,0.06635147021585193,1.2549341646237156e-15,1.2549341646237157e-13
5,constant,0.6463091500448094,1.0146662835435063,1.0146662835435096,0.08405407497515043,0.08405407497515043,0.0,0.0
5,gaussian,1.186111406313933,1.0146662835435096,1.0146662835435096,0.08405407497515059,0.0840540749751506,1.6510547301742436e-16,1.6510547301742436e-14
5,oscillating,1184.2946629101887,1.0146662835434839,1.0146662835435096,0.08405407497514908,0.08405407497514925,1.981265676209124e-15,1.9812656762091242e-13
6,constant,1.1056916267153585,2.6426120093322543,2.6426120093322556,0.48628725767820136,0.48628725767820163,5.707650195925138e-16,5.707650195925138e-14
6,gaussian,3.0140750185530507,2.6426120093322547,2.6426120093322556,0.4862872576782017,0.48628725767820125,9.132240313480228e-16,9.132240313480228e-14
6,oscillating,-5.297948673315151,2.6426120093322565,2.6426120093322556,0.4862872576781998,0.4862872576781997,2.2830600783700644e-16,2.2830600783700646e-14
7,constant,1.7088425476184146,2.4187571396575893,2.4187571396575893,0.4861557221389737,0.48615572213897373,1.1418388944805868e-16,1.1418388944805868e-14
7,gaussian,2.8815855852208383,2.4187571396575893,2.4187571396575893,0.4861557221389737,0.48615572213897373,1.1418388944805868e-16,1.1418388944805868e-14
7,oscillating,15.824635706232296,2.418757139657587,2.4187571396575893,0.48615572213897523,0.48615572213897496,5.70919447240292e-16,5.70919447240292e-14
8,constant,0.23673264655292978,0.21129441410086613,0.21129441410086613,0.04337668718362284,0.04337668718362285,1.59968276842656e-16,1.59968276842656e-14
8,gaussian,0.3019196383251778,0.21129441410086625,0.21129441410086613,0.043376687183622864,0.04337668718362287,1.5996827684265592e-16,1.5996827684265593e-14
8,oscillating,0.43248794407642155,0.21129441410086613,0.21129441410086613,0.043376687183622885,0.04337668718362285,7.9984138421328e-16,7.9984138421328e-14
9,constant,-0.8394828964299332,-1.8176944281824,-1.8176944281824021,-0.357684407130459,-0.35768440713045907,1.5519589371143864e-16,1.5519589371143864e-14
9,gaussian,-2.075987605566398,-1.8176944281824021,-1.8176944281824021,-0.3576844071304588,-0.35768440713045885,1.5519589371143874e-16,1.5519589371143873e-14
9,oscillating,3.917827818903058,-1.817694428182403,-1.8176944281824021,-0.35768440713045874,-0.35768440713045874,0.0,0.0
10,constant,-0.9998407470640371,-2.902772528135387,-2.902772528135388,-0.05572374156266134,-0.05572374156266129,8.716618081492298e-16,8.716618081492298e-14
10,gaussian,-3.308796012853286,-2.9027725281353876,-2.902772528135388,-0.05572374156266124,-0.055723741562661196,7.471386926993411e-16,7.471386926993411e-14
10,oscillating,12.660697128277095,-2.902772528135389,-2.902772528135388,-0.05572374156266084,-0.05572374156266089,8.716618081492361e-16,8.716618081492361e-14
11,constant,0.4308728482659725,1.6689170467796275,1.6689170467796313,1.0802550235425328,1.0802550235425332,4.110966393784855e-16,4.110966393784855e-14
11,gaussian,1.9022902674976234,1.6689170467796315,1.6689170467796313,1.080255023542532,1.0802550235425326,6.166449590677286e-16,6.166449590677286e-14
11,oscillating,3.3577979727163947,1.6689170467796308,1.6689170467796313,1.0802550235425323,1.0802550235425328,4.110966393784857e-16,4.110966393784857e-14
12,constant,0.8086443108543221,0.8981538744744342,0.8981538744744364,0.4147506099330891,0.4147506099330888,6.6921120670821e-16,6.6921120670821e-14
12,gaussian,1.1536650454655502,0.8981538744744363,0.8981538744744364,0.4147506099330896,0.41475060993308954,1.3384224134164176e-16,1.3384224134164176e-14
12,oscillating,2.2575363244442967,0.8981538744744357,0.8981538744744364,0.41475060993308926,0.4147506099330894,2.676844826832836e-16,2.6768448268328362e-14
13,constant,-0.19974671348273074,-0.5451230376931802,-0.5451230376931795,-0.017140365227895284,-0.017140365227895284,0.0,0.0
13,gaussian,-0.6214116618668248,-0.5451230376931795,-0.5451230376931795,-0.017140365227895263,-0.017140365227895263,0.0,0.0
13,oscillating,1.4850830670314505,-0.5451230376931796,-0.5451230376931795,-0.017140365227895277,-0.017140365227895266,6.0724148625030885e-16,6.072414862503088e-14
14,constant,0.2440299837994396,0.5315961672416056,0.5315961672416065,0.50672645437107,0.5067264543710701,2.1909711147864217e-16,2.1909711147864217e-14
14,gaussian,0.6070641728411803,0.5315961672416064,0.5315961672416065,0.5067264543710707,0.5067264543710708,2.190971114786419e-16,2.190971114786419e-14
14,oscillating,-1.1343328548301221,0.5315961672416067,0.5315961672416065,0.5067264543710711,0.506726454371071,2.190971114786418e-16,2.190971114786418e-14
15,constant,-0.8537850243673201,-2.9986114379266313,-2.998611437926639,-0.07287895021188785,-0.07287895021188776,1.3329571072615972e-15,1.3329571072615972e-13
15,gaussian,-3.417924343403692,-2.9986114379266406,-2.998611437926639,-0.0728789502118831,-0.07287895021188304,9.521122194726311e-16,9.521122194726311e-14
15,oscillating,-8.885767496535639,-2.9986114379266393,-2.998611437926639,-0.07287895021188384,-0.07287895021188372,1.7138019950507198e-15,1.7138019950507199e-13
16,constant,-0.279945130485585,-0.3570613754292468,-0.3570613754292475,-0.023538968584125474,-0.023538968584125467,2.94783260324604e-16,2.9478326032460405e-14
16,gaussian,-0.43690072698192145,-0.3570613754292474,-0.3570613754292475,-0.023538968584125516,-0.023538968584125505,4.4217489048690536e-16,4.421748904869054e-14
16,oscillating,-1.2823494884195514,-0.35706137542924765,-0.3570613754292475,-0.023538968584125512,-0.023538968584125523,4.42174890486905e-16,4.42174890486905e-14
17,constant,-0.541874378983651,-1.333122360949123,-1.3331223609491194,-0.2795786998175005,-0.2795786998175005,0.0,0.0
17,gaussian,-1.5202106450821153,-1.3331223609491185,-1.3331223609491194,-0.27957869981750005,-0.2795786998175002,5.956585884492647e-16,5.956585884492647e-14
17,oscillating,2.7252067693363444,-1.3331223609491183,-1.3331223609491194,-0.2795786998175001,-0.2795786998175002,3.9710572563284314e-16,3.971057256328431e-14
18,constant,-1.5695861036244851,-2.3515677098469916,-2.351567709846999,-0.7451711973715697,-0.7451711973715708,1.4898898783812701e-15,1.4898898783812701e-13
18,gaussian,-2.769974340235475,-2.3515677098469974,-2.351567709846999,-0.7451711973715662,-0.7451711973715666,4.469669635143836e-16,4.469669635143836e-14
18,oscillating,-32.51104150170738,-2.351567709847,-2.351567709846999,-0.7451711973715635,-0.7451711973715646,1.4898898783812825e-15,1.4898898783812825e-13
19,constant,-1.5193567158234702,-2.149378563674123,-2.1493785636741234,-0.27494484857154816,-0.2749448485715483,4.037984455403396e-16,4.037984455403396e-14
19,gaussian,-2.560801584279806,-2.149378563674123,-2.1493785636741234,-0.2749448485715485,-0.2749448485715483,8.075968910806792e-16,8.075968910806792e-14
19,oscillating,-13.992901034049023,-2.1493785636741225,-2.1493785636741234,-0.2749448485715484,-0.27494484857154833,2.0189922277016975e-16,2.0189922277016975e-14
20,constant,0.4056948399535431,1.218932468274393,1.2189324682743978,0.01427096441812085,0.01427096441812085,0.0,0.0
20,gaussian,1.3894066528051097,1.2189324682743978,1.2189324682743978,0.014270964418120875,0.014270964418120875,0.0,0.0
20,oscillating,-9.007952699976716,1.2189324682744,1.2189324682743978,0.014270964418120877,0.014270964418120887,7.293368934929081e-16,7.29336893492908e-14
21,constant,0.49071475095085804,1.5637915814306356,1.5637915814306362,0.5980313091636154,0.5980313091636151,3.712926088026636e-16,3.712926088026636e-14
21,gaussian,1.7824743044144213,1.5637915814306367,1.5637915814306362,0.598031309163615,0.5980313091636151,1.856463044013318e-16,1.856463044013318e-14
21,oscillating,34.695734207205504,1.563791581430639,1.5637915814306362,0.5980313091636159,0.5980313091636151,1.2995241308093227e-15,1.2995241308093226e-13
22,constant,-1.0216413750207238,-1.2791943702568427,-1.27919437025684,-0.17131803457397096,-0.1713180345739708,9.720719368973823e-16,9.720719368973824e-14
22,gaussian,-1.5740290455890418,-1.2791943702568402,-1.27919437025684,-0.17131803457397077,-0.17131803457397068,4.860359684486915e-16,4.8603596844869145e-14
22,oscillating,-4.299104676215698,-1.2791943702568402,-1.27919437025684,-0.1713180345739707,-0.17131803457397068,1.6201198948289717e-16,1.6201198948289718e-14
23,constant,0.69518622531204,2.6816697027966176,2.6816697027966065,0.1847980931236848,0.18479809312368503,1.2015524682736636e-15,1.2015524682736635e-13
23,gaussian,3.056661328811561,2.6816697027966074,2.6816697027966065,0.18479809312368872,0.1847980931236888,4.505821756026147e-16,4.505821756026147e-14
23,oscillating,5.4163115613585475,2.681669702796607,2.6816697027966065,0.1847980931236893,0.184798093123689,1.6521346438762521e-15,1.6521346438762521e-13
24,constant,0.5351130346234506,2.089906280457696,2.0899062804576958,0.044705878513006454,0.04470587851300646,1.5521211381380891e-16,1.552121138138089e-14
24,gaussian,2.3821485688358663,2.089906280457696,2.0899062804576958,0.04470587851300645,0.04470587851300646,3.1042422762761783e-16,3.104242276276178e-14
24,oscillating,4.188862454910541,2.0899062804576967,2.0899062804576958,0.04470587851300644,0.04470587851300645,1.5521211381380896e-16,1.5521211381380897e-14
25,constant,1.3036292675225227,2.5628816183822205,2.562881618382219,0.2055003796722475,0.20550037967224744,2.7012675752615296e-16,2.7012675752615297e-14
25,gaussian,2.9358836411250997,2.562881618382219,2.562881618382219,0.20550037967224793,0.20550037967224785,4.0519013628922863e-16,4.051901362892286e-14
25,oscillating,-7.213722413321423,2.56288161838222,2.562881618382219,0.2055003796722476,0.20550037967224757,1.3506337876307638e-16,1.3506337876307638e-14
26,constant,-0.5744777217837339,-1.9561251992436655,-1.956125199243661,-0.45592289248116546,-0.4559228924811658,7.305334144880765e-16,7.305334144880766e-14
26,gaussian,-2.229662726954928,-1.9561251992436612,-1.956125199243661,-0.4559228924811666,-0.4559228924811665,1.217555690813459e-16,1.217555690813459e-14
26,oscillating,-7.781704770141008,-1.9561251992436615,-1.956125199243661,-0.4559228924811664,-0.45592289248116646,1.217555690813459e-16,1.217555690813459e-14
27,constant,0.20506516060358804,0.24963179676763406,0.24963179676763422,0.013266933025843823,0.013266933025843825,1.307554257338494e-16,1.3075542573384941e-14
27,gaussian,0.3099759884111287,0.2496317967676341,0.24963179676763422,0.013266933025843827,0.013266933025843827,0.0,0.0
27,oscillating,0.7687234162909112,0.24963179676763417,0.24963179676763422,0.013266933025843829,0.01326693302584383,1.3075542573384936e-16,1.3075542573384936e-14
28,constant,0.43666550458345327,0.3295806197364333,0.32958061973643377,0.05378624296539193,0.05378624296539194,1.2900871154677675e-16,1.2900871154677675e-14
28,gaussian,0.5224417107230566,0.32958061973643366,0.32958061973643377,0.053786242965392,0.05378624296539199,2.580174230935533e-16,2.5801742309355332e-14
28,oscillating,0.6604077881984269,0.32958061973643354,0.32958061973643377,0.05378624296539198,0.053786242965391966,2.580174230935534e-16,2.580174230935534e-14
29,constant,0.42770565353498213,1.2887624995068152,1.288762499506813,0.7990446307082182,0.7990446307082185,4.1683141915657305e-16,4.16831419156573e-14
29,gaussian,1.4690020106189994,1.2887624995068132,1.288762499506813,0.7990446307082181,0.799044630708218,1.3894380638552443e-16,1.3894380638552443e-14
29,oscillating,-10.156305385856957,1.2887624995068119,1.288762499506813,0.7990446307082179,0.7990446307082177,1.3894380638552448e-16,1.3894380638552448e-14
30,constant,0.7052735840854303,1.3286660090978204,1.3286660090978177,0.07053734283195538,0.07053734283195538,0.0,0.0
30,gaussian,1.5253251617648265,1.3286660090978173,1.3286660090978177,0.07053734283195535,0.07053734283195533,3.9348768327936636e-16,3.9348768327936633e-14
30,oscillating,-4.534298463362184,1.3286660090978188,1.3286660090978177,0.07053734283195534,0.07053734283195535,1.967438416396831e-16,1.967438416396831e-14
31,constant,-0.7850557421316302,-1.2641852088125345,-1.264185208812538,-0.9609695194381593,-0.9609695194381598,4.621262182277158e-16,4.6212621822771575e-14
31,gaussian,-1.4725215903177409,-1.264185208812538,-1.264185208812538,-0.960969519438161,-0.9609695194381609,1.155315545569288e-16,1.155315545569288e-14
31,oscillating,32.02586129390583,-1.2641852088125374,-1.264185208812538,-0.9609695194381599,-0.9609695194381607,8.087208818985018e-16,8.087208818985018e-14
32,constant,0.2171780162997661,0.8313625045441304,0.8313625045441292,0.2795950111434049,0.27959501114340496,1.9854127941784277e-16,1.9854127941784277e-14
32,gaussian,0.9476161963674644,0.8313625045441292,0.8313625045441292,0.2795950111434048,0.2795950111434047,3.9708255883568594e-16,3.970825588356859e-14
32,oscillating,1.6963424421262654,0.8313625045441292,0.8313625045441292,0.27959501114340474,0.2795950111434047,1.9854127941784297e-16,1.9854127941784296e-14
33,constant,0.4382286012709576,0.9929952240222789,0.992995224022278,0.43113953356754076,0.4311395335675408,1.2875449108533564e-16,1.2875449108533564e-14
33,gaussian,1.1332326862231845,0.9929952240222779,0.992995224022278,0.43113953356754053,0.43113953356754053,0.0,0.0
33,oscillating,-2.0196423838404276,0.9929952240222777,0.992995224022278,0.43113953356754053,0.4311395335675405,1.2875449108533574e-16,1.2875449108533574e-14
34,constant,-0.7588193136977628,-2.223029373488544,-2.223029373488547,-0.41342986846153523,-0.41342986846153507,4.028094397569321e-16,4.0280943975693214e-14
34,gaussian,-2.5339595718048025,-2.223029373488548,-2.223029373488547,-0.41342986846153373,-0.41342986846153384,2.685396265046222e-16,2.685396265046222e-14
34,oscillating,10.808646783083669,-2.223029373488545,-2.223029373488547,-0.4134298684615344,-0.4134298684615348,9.398886927661755e-16,9.398886927661755e-14
35,constant,0.5637130109511668,1.9551490114016736,1.9551490114016752,0.41529908186970915,0.415299081869709,4.0099644079160117e-16,4.009964407916012e-14
35,gaussian,2.2285491384914273,1.9551490114016759,1.9551490114016752,0.41529908186970876,0.41529908186970865,2.673309605277343e-16,2.6733096052773433e-14
35,oscillating,6.438068999611634,1.9551490114016752,1.9551490114016752,0.4152990818697086,0.41529908186970876,4.0099644079160137e-16,4.0099644079160136e-14
36,constant,-0.5044457660452663,-1.0862080404156977,-1.0862080404156982,-0.2822682779667557,-0.2822682779667556,3.933219250219503e-16,3.933219250219503e-14
36,gaussian,-1.2407093258684974,-1.086208040415698,-1.0862080404156982,-0.2822682779667556,-0.28226827796675563,1.966609625109751e-16,1.966609625109751e-14
36,oscillating,2.364885517413915,-1.0862080404156986,-1.0862080404156982,-0.2822682779667558,-0.28226827796675574,1.9666096251097503e-16,1.9666096251097502e-14
37,constant,1.7367901528186152,1.381502036597252,1.3815020365972484,0.2157014864961553,0.21570148649615534,1.286758662005025e-16,1.286758662005025e-14
37,gaussian,2.1160254760212776,1.3815020365972488,1.3815020365972484,0.21570148649615525,0.2157014864961552,2.573517324010052e-16,2.573517324010052e-14
37,oscillating,2.7635963163228867,1.381502036597248,1.3815020365972484,0.2157014864961552,0.21570148649615517,1.286758662005026e-16,1.286758662005026e-14
38,constant,0.5486987715545846,2.1358712918384666,2.1358712918384675,0.035507734129845876,0.0355077341298459,5.862576765838661e-16,5.86257676583866e-14
38,gaussian,2.434541105643421,2.1358712918384675,2.1358712918384675,0.035507734129845835,0.035507734129845876,1.172515353167733e-15,1.1725153531677328e-13
38,oscillating,4.282705223463967,2.135871291838468,2.1358712918384675,0.03550773412984585,0.03550773412984587,5.862576765838666e-16,5.862576765838665e-14
39,constant,-0.6073920771067453,-1.3051146133770155,-1.3051146133770182,-0.014311197057069087,-0.014311197057069088,1.2121442176074367e-16,1.2121442176074367e-14
39,gaussian,-1.4908137428642676,-1.3051146133770184,-1.3051146133770182,-0.014311197057069094,-0.0143111970570691,4.848576870429742e-16,4.848576870429742e-14
39,oscillating,2.8524055852183925,-1.3051146133770182,-1.3051146133770182,-0.0143111970570691,-0.014311197057069099,1.2121442176074357e-16,1.2121442176074357e-14
40,constant,-0.5042032094016967,-1.7500283647931087,-1.7500283647931132,-0.9207349211759487,-0.9207349211759486,1.2058009304210984e-16,1.2058009304210983e-14
40,gaussian,-1.994745183038791,-1.7500283647931132,-1.7500283647931132,-0.9207349211759475,-0.9207349211759479,4.823203721684396e-16,4.8232037216843966e-14
40,oscillating,-5.721645171379406,-1.750028364793114,-1.7500283647931132,-0.920734921175947,-0.9207349211759478,8.440606512947695e-16,8.440606512947695e-14
41,constant,-0.43105685427395835,-0.9011232563589421,-0.9011232563589398,-0.07519464364480156,-0.07519464364480158,1.8455819637059592e-16,1.8455819637059593e-14
41,gaussian,-1.0300444615272981,-0.9011232563589396,-0.9011232563589398,-0.07519464364480144,-0.07519464364480143,1.8455819637059629e-16,1.8455819637059628e-14
41,oscillating,2.090712993234644,-0.9011232563589396,-0.9011232563589398,-0.07519464364480143,-0.07519464364480143,0.0,0.0
42,constant,1.3583752058316958,2.733937332094972,2.7339373320949774,0.21913706175537043,0.2191370617553698,2.913145928150235e-15,2.913145928150235e-13
42,gaussian,3.128889894989133,2.7339373320949765,2.7339373320949774,0.21913706175536782,0.21913706175536757,1.13992666753706e-15,1.13992666753706e-13
42,oscillating,-7.073254017460265,2.7339373320949787,2.7339373320949774,0.21913706175536668,0.21913706175536643,1.139926667537066e-15,1.139926667537066e-13
43,constant,-1.0561416654308236,-2.607287095956483,-2.6072870959564867,-0.48103462555451176,-0.4810346255545121,6.9239694960337585e-16,6.923969496033759e-14
43,gaussian,-2.9731358139849156,-2.607287095956487,-2.6072870959564867,-0.4810346255545086,-0.4810346255545089,5.769974580028171e-16,5.76997458002817e-14
43,oscillating,5.350581039990511,-2.6072870959564853,-2.6072870959564867,-0.4810346255545102,-0.4810346255545103,2.307989832011261e-16,2.3079898320112612e-14
44,constant,1.332680287605014,2.967390958143511,2.967390958143525,0.0068620826375612514,0.006862082637561259,1.1375927767417251e-15,1.137592776741725e-13
44,gaussian,3.3873144300703903,2.9673909581435263,2.967390958143525,0.006862082637560696,0.0068620826375606694,3.918375119888501e-15,3.9183751198885014e-13
44,oscillating,-6.140029971626767,2.967390958143524,2.967390958143525,0.006862082637560748,0.006862082637560757,1.2639919741575649e-15,1.263991974157565e-13
45,constant,-0.2895830302382684,-0.8778274123274273,-0.8778274123274278,-0.46521265554316066,-0.46521265554316044,4.772970001552988e-16,4.772970001552988e-14
45,gaussian,-1.0005935689172438,-0.8778274123274278,-0.8778274123274278,-0.4652126555431603,-0.4652126555431606,5.966212501941234e-16,5.966212501941234e-14
45,oscillating,8.030210575648054,-0.8778274123274274,-0.8778274123274278,-0.46521265554316055,-0.4652126555431605,1.1932425003882469e-16,1.1932425003882469e-14
46,constant,-0.7604507386613911,-1.629158103917208,-1.6291581039172116,-1.0551294716208022,-1.055129471620802,2.1044299386685187e-16,2.1044299386685186e-14
46,gaussian,-1.8610918222991162,-1.6291581039172116,-1.6291581039172116,-1.0551294716208017,-1.055129471620802,2.1044299386685187e-16,2.1044299386685186e-14
46,oscillating,3.5811622849100995,-1.6291581039172107,-1.6291581039172116,-1.0551294716208022,-1.055129471620802,2.1044299386685187e-16,2.1044299386685186e-14
47,constant,-0.8479399858453575,-2.2845212640855825,-2.284521264085581,-0.16310592233234117,-0.16310592233234114,1.7016902402277323e-16,1.7016902402277324e-14
47,gaussian,-2.6042923789453267,-2.2845212640855803,-2.284521264085581,-0.16310592233234134,-0.16310592233234145,6.806760960910916e-16,6.806760960910917e-14
47,oscillating,5.860662780591793,-2.28452126408558,-2.284521264085581,-0.16310592233234156,-0.16310592233234153,1.701690240227728e-16,1.701690240227728e-14
48,constant,-0.4696412904830765,-1.6202011162541439,-1.6202011162541408,-0.37452713532708204,-0.3745271353270821,1.4821663371007463e-16,1.4821663371007463e-14
48,gaussian,-1.8467636303127395,-1.6202011162541412,-1.6202011162541408,-0.3745271353270821,-0.37452713532708215,1.482166337100746e-16,1.482166337100746e-14
48,oscillating,-5.605391846197258,-1.62020111625414,-1.6202011162541408,-0.3745271353270821,-0.3745271353270822,2.9643326742014915e-16,2.964332674201491e-14
49,constant,0.4480073889464939,1.3066638646188844,1.3066638646188848,0.8746575322051854,0.8746575322051852,2.53864623294574e-16,2.53864623294574e-14
49,gaussian,1.48942789875103,1.3066638646188855,1.3066638646188848,0.8746575322051856,0.8746575322051855,1.2693231164728694e-16,1.2693231164728694e-14
49,oscillating,-6.0104643325541804,1.3066638646188835,1.3066638646188848,0.8746575322051846,0.8746575322051849,3.807969349418611e-16,3.807969349418611e-14
50,constant,-1.0222828336929035,-2.0153914407115074,-2.015391440711505,-0.1257852460935835,-0.12578524609358355,4.4131687105781377e-16,4.413168710578138e-14
50,gaussian,-2.308489419415614,-2.015391440711505,-2.015391440711505,-0.12578524609358369,-0.12578524609358369,0.0,0.0
50,oscillating,5.61347081557522,-2.0153914407115052,-2.015391440711505,-0.1257852460935837,-0.12578524609358369,2.2065843552890664e-16,2.2065843552890664e-14
51,constant,-0.24873337849932067,-0.7900161259101316,-0.7900161259101324,-0.26688675269340534,-0.2668867526934054,2.079951540158601e-16,2.079951540158601e-14
51,gaussian,-0.9004932749488862,-0.7900161259101321,-0.7900161259101324,-0.26688675269340567,-0.2668867526934055,6.2398546204758e-16,6.2398546204758e-14
51,oscillating,-22.879658360685625,-0.7900161259101328,-0.7900161259101324,-0.26688675269340567,-0.26688675269340567,0.0,0.0
52,constant,-0.5224537266995607,-2.0828866940597504,-2.082886694059751,-0.20040133683248024,-0.20040133683248007,8.309997145028113e-16,8.309997145028113e-14
52,gaussian,-2.374147365363167,-2.0828866940597504,-2.082886694059751,-0.2004013368324801,-0.20040133683248007,1.384999524171352e-16,1.3849995241713521e-14
52,oscillating,-4.1962969053698815,-2.0828866940597495,-2.082886694059751,-0.2004013368324801,-0.20040133683248018,4.154998572514054e-16,4.154998572514054e-14
53,constant,-0.8232301029370532,-2.3893418368400607,-2.3893418368400607,-0.5599897174204232,-0.5599897174204232,0.0,0.0
53,gaussian,-2.7235487269459897,-2.3893418368400616,-2.3893418368400607,-0.5599897174204225,-0.5599897174204227,3.9651550379866493e-16,3.9651550379866495e-14
53,oscillating,10.38373175559261,-2.389341836840056,-2.3893418368400607,-0.5599897174204266,-0.5599897174204261,7.930310075973249e-16,7.93031007597325e-14
54,constant,1.0047412543512464,2.349594842209625,2.349594842209622,0.07109201194585149,0.07109201194585148,1.9520882062508698e-16,1.9520882062508698e-14
54,gaussian,2.6803964966544407,2.3495948422096213,2.349594842209622,0.07109201194585175,0.07109201194585174,1.9520882062508624e-16,1.9520882062508626e-14
54,oscillating,-4.702654573884599,2.3495948422096204,2.349594842209622,0.07109201194585181,0.0710920119458518,1.952088206250861e-16,1.952088206250861e-14
55,constant,-1.3449309668085017,-2.9198749292600823,-2.9198749292600694,-0.13693667145190783,-0.13693667145190777,4.05378271887914e-16,4.05378271887914e-14
55,gaussian,-3.3346031469374053,-2.9198749292600694,-2.9198749292600694,-0.13693667145191593,-0.1369366714519156,2.432269631327345e-15,2.432269631327345e-13
55,oscillating,6.264730884328909,-2.9198749292600685,-2.9198749292600694,-0.13693667145191626,-0.13693667145191613,1.0134456797197232e-15,1.0134456797197231e-13
56,constant,-2.2297193601443817,-2.169378373414146,-2.1693783734141445,-0.10320904413986721,-0.10320904413986721,0.0,0.0
56,gaussian,-2.960018321048665,-2.169378373414145,-2.1693783734141445,-0.1032090441398673,-0.10320904413986728,1.3446290413277505e-16,1.3446290413277505e-14
56,oscillating,-4.663289712248656,-2.169378373414144,-2.1693783734141445,-0.1032090441398673,-0.10320904413986734,4.033887123983249e-16,4.033887123983249e-14
57,constant,-0.16607600305874048,-0.48140195201792446,-0.48140195201792585,-0.04851905573687531,-0.04851905573687528,5.720551481082029e-16,5.72055148108203e-14
57,gaussian,-0.548737865796602,-0.48140195201792585,-0.48140195201792585,-0.048519055736875434,-0.04851905573687541,4.2904136108115105e-16,4.29041361081151e-14
57,oscillating,2.0621434713547373,-0.48140195201792596,-0.48140195201792585,-0.04851905573687547,-0.04851905573687542,1.0010965091893522e-15,1.0010965091893522e-13
58,constant,1.113611187331886,2.371428659549259,2.3714286595492635,0.4228728473442787,0.42287284734427877,1.3127149586424903e-16,1.3127149586424903e-14
58,gaussian,2.7094075558629824,2.371428659549263,2.3714286595492635,0.4228728473442771,0.422872847344277,2.6254299172849914e-16,2.6254299172849914e-14
58,oscillating,-5.276137793106948,2.371428659549262,2.3714286595492635,0.4228728473442769,0.4228728473442774,1.181443462778245e-15,1.181443462778245e-13
59,constant,-2.0627021604945845,-2.2828442383843894,-2.2828442383843868,-0.021255653998729085,-0.021255653998729078,3.264493251688136e-16,3.2644932516881364e-14
59,gaussian,-2.936498572135549,-2.282844238384388,-2.2828442383843868,-0.02125565399872911,-0.021255653998729102,3.2644932516881326e-16,3.2644932516881326e-14
59,oscillating,-5.703630558433244,-2.282844238384387,-2.2828442383843868,-0.021255653998729123,-0.02125565399872912,1.6322466258440648e-16,1.6322466258440647e-14
60,constant,-0.46934107267922887,-1.550263242881263,-1.550263242881261,-0.19325607719051596,-0.193256077190516,1.4362071309285e-16,1.4362071309285e-14
60,gaussian,-1.7670486770955085,-1.5502632428812613,-1.550263242881261,-0.19325607719051585,-0.193256077190516,7.1810356546425e-16,7.1810356546425e-14
60,oscillating,-9.77200547550901,-1.5502632428812606,-1.550263242881261,-0.19325607719051596,-0.193256077190516,1.4362071309285e-16,1.4362071309285e-14
61,constant,-0.23917587371077692,-0.6498480779387428,-0.6498480779387439,-0.028897339903986068,-0.02889733990398607,1.2006111854866344e-16,1.2006111854866344e-14
61,gaussian,-0.7407980555594196,-0.649848077938744,-0.6498480779387439,-0.02889733990398612,-0.02889733990398612,0.0,0.0
61,oscillating,1.7323473289088989,-0.6498480779387438,-0.6498480779387439,-0.02889733990398612,-0.028897339903986113,2.4012223709732653e-16,2.4012223709732654e-14
62,constant,-0.1929669871115896,-0.5605660184568922,-0.5605660184568925,-0.3291793142794898,-0.3291793142794897,3.3726998522225437e-16,3.3726998522225436e-14
62,gaussian,-0.6389743022956464,-0.5605660184568925,-0.5605660184568925,-0.32917931427948977,-0.3291793142794898,1.686349926111271e-16,1.6863499261112712e-14
62,oscillating,2.4607102195327286,-0.5605660184568925,-0.5605660184568925,-0.3291793142794898,-0.3291793142794898,0.0,0.0
63,constant,0.43154913396867906,1.0407337257482816,1.0407337257482834,0.2657974202363618,0.26579742023636177,2.0884759220723071e-16,2.088475922072307e-14
63,gaussian,1.1869458972856153,1.0407337257482836,1.0407337257482834,0.265797420236362,0.2657974202363621,4.1769518441446094e-16,4.1769518441446095e-14
63,oscillating,-2.094763704360672,1.040733725748284,1.0407337257482834,0.26579742023636244,0.26579742023636216,1.0442379610361522e-15,1.0442379610361522e-13
64,constant,-1.7481394873894236,-1.6806447385003755,-1.680644738500371,-0.06450183327598337,-0.0645018332759834,4.3030677123347733e-16,4.3030677123347735e-14
64,gaussian,-2.3069948458795326,-1.6806447385003718,-1.680644738500371,-0.0645018332759834,-0.06450183327598341,2.1515338561673862e-16,2.151533856167386e-14
64,oscillating,-3.580858933554749,-1.680644738500371,-1.680644738500371,-0.06450183327598347,-0.06450183327598343,6.454601568502157e-16,6.454601568502157e-14
65,constant,-0.7992379468547953,-2.341993277645978,-2.3419932776459764,-0.1574509205380436,-0.15745092053804352,5.288424263405128e-16,5.288424263405128e-14
65,gaussian,-2.669563847105554,-2.341993277645977,-2.3419932776459764,-0.15745092053804366,-0.15745092053804374,5.28842426340512e-16,5.2884242634051204e-14
65,oscillating,11.42814055743677,-2.341993277645974,-2.3419932776459764,-0.157450920538044,-0.15745092053804416,1.0576848526810213e-15,1.0576848526810213e-13
66,constant,0.39891717356613965,1.5101445448784718,1.5101445448784727,0.08062370690588633,0.0806237069058864,8.606518070431873e-16,8.606518070431872e-14
66,gaussian,1.7213158559646649,1.5101445448784734,1.5101445448784727,0.08062370690588637,0.08062370690588641,5.163910842259123e-16,5.1639108422591226e-14
66,oscillating,3.1488635739432453,1.5101445448784723,1.5101445448784727,0.08062370690588636,0.0806237069058864,5.163910842259124e-16,5.163910842259124e-14
67,constant,0.5151764049987301,1.509141720128584,1.5091417201285866,0.7016935109645559,0.7016935109645557,3.164410122872677e-16,3.164410122872677e-14
67,gaussian,1.7202221009357743,1.5091417201285857,1.5091417201285866,0.7016935109645552,0.7016935109645558,7.911025307181692e-16,7.911025307181693e-14
67,oscillating,-7.330458075496287,1.5091417201285873,1.5091417201285866,0.7016935109645565,0.7016935109645559,7.91102530718169e-16,7.91102530718169e-14
68,constant,0.30167448622214754,0.9992993995737784,0.9992993995737771,0.3236474139534295,0.3236474139534295,0.0,0.0
68,gaussian,1.139039095909661,0.9992993995737771,0.9992993995737771,0.32364741395342933,0.32364741395342916,5.145520913006155e-16,5.145520913006154e-14
68,oscillating,5.964525392369269,0.9992993995737752,0.9992993995737771,0.3236474139534289,0.3236474139534288,3.4303472753374403e-16,3.4303472753374404e-14
69,constant,-2.8228695617003616,-2.59203117402265,-2.592031174022646,-0.3231920552363493,-0.32319205523634914,5.15277065124598e-16,5.15277065124598e-14
69,gaussian,-3.6457656674234196,-2.5920311740226456,-2.592031174022646,-0.32319205523635136,-0.32319205523635147,3.435180434163962e-16,3.435180434163962e-14
69,oscillating,-5.372567441529217,-2.5920311740226483,-2.592031174022646,-0.32319205523635036,-0.32319205523635003,1.0305541302491933e-15,1.0305541302491932e-13
70,constant,0.9099267056252184,2.4903212540902193,2.4903212540902153,0.041085033957092634,0.041085033957092565,1.688910348998066e-15,1.688910348998066e-13
70,gaussian,2.8388183938080207,2.4903212540902158,2.4903212540902153,0.041085033957092766,0.04108503395709276,1.688910348998058e-16,1.6889103489980578e-14
70,oscillating,-6.880282901333574,2.490321254090214,2.4903212540902153,0.04108503395709281,0.041085033957092856,1.1822372442986377e-15,1.1822372442986377e-13
71,constant,0.6473232775566669,2.483199244989045,2.4831992449890534,0.3373029425903257,0.33730294259032567,1.6457357532951982e-16,1.645735753295198e-14
71,gaussian,2.830437748401162,2.4831992449890543,2.4831992449890534,0.33730294259032206,0.3373029425903217,1.1520150273066524e-15,1.1520150273066523e-13
71,oscillating,5.050264988991101,2.4831992449890525,2.4831992449890534,0.3373029425903231,0.3373029425903224,2.1394564792837783e-15,2.1394564792837783e-13
72,constant,0.7637569359514242,1.6679972758931283,1.667997275893128,0.5718942373572767,0.5718942373572767,0.0,0.0
72,gaussian,1.9047164451860925,1.667997275893128,1.667997275893128,0.5718942373572767,0.5718942373572768,1.941308291119517e-16,1.941308291119517e-14
72,oscillating,-3.54563286021206,1.6679972758931283,1.667997275893128,0.5718942373572763,0.5718942373572767,7.76523316447807e-16,7.76523316447807e-14
73,constant,-0.16682206810564526,-0.5935213878140102,-0.5935213878140093,-0.16402674520685698,-0.16402674520685695,1.6921371926648736e-16,1.6921371926648735e-14
73,gaussian,-0.6765167607922332,-0.5935213878140095,-0.5935213878140093,-0.16402674520685673,-0.16402674520685678,3.3842743853297507e-16,3.384274385329751e-14
73,oscillating,-1.6057718663135316,-0.59352138781401,-0.5935213878140093,-0.16402674520685698,-0.16402674520685692,3.384274385329748e-16,3.384274385329748e-14
74,constant,-0.2535729815077702,-0.6119572843748956,-0.6119572843748956,-0.2332722150962721,-0.2332722150962721,0.0,0.0
74,gaussian,-0.6979299545234366,-0.6119572843748954,-0.6119572843748956,-0.23327221509627208,-0.23327221509627202,2.3796726587582666e-16,2.3796726587582666e-14
74,oscillating,1.232535611007498,-0.6119572843748957,-0.6119572843748956,-0.23327221509627227,-0.23327221509627216,4.75934531751653e-16,4.75934531751653e-14
75,constant,0.6498854737352739,2.3481332781341284,2.3481332781341293,0.235938045931182,0.23593804593118206,2.3527850716983974e-16,2.3527850716983974e-14
75,gaussian,2.676485360487221,2.3481332781341298,2.3481332781341293,0.23593804593118164,0.23593804593118178,5.881962679246e-16,5.881962679246e-14
75,oscillating,5.803212955281751,2.3481332781341284,2.3481332781341293,0.2359380459311819,0.23593804593118206,7.058355215095191e-16,7.058355215095191e-14
76,constant,0.5436303510220507,1.3694491368631747,1.3694491368631747,1.1283409767480415,1.1283409767480415,0.0,0.0
76,gaussian,1.5614467331772997,1.3694491368631747,1.3694491368631747,1.1283409767480408,1.1283409767480415,5.903657037209958e-16,5.903657037209959e-14
76,oscillating,-2.8911916918543916,1.369449136863175,1.3694491368631747,1.1283409767480421,1.1283409767480415,5.903657037209958e-16,5.903657037209959e-14
77,constant,-0.296969871646584,-0.9377886025051013,-0.9377886025051021,-0.2181454586083301,-0.21814545860833018,3.817027747361352e-16,3.817027747361352e-14
77,gaussian,-1.068931484235212,-0.9377886025051025,-0.9377886025051021,-0.21814545860833043,-0.2181454586083304,1.2723425824537827e-16,1.2723425824537828e-14
77,oscillating,-57.71361606867049,-0.9377886025051163,-0.9377886025051021,-0.21814545860833268,-0.2181454586083326,3.8170277473613097e-16,3.8170277473613095e-14
78,constant,-0.9172935072255624,-2.414950549521485,-2.414950549521491,-0.07793046223351281,-0.0779304622335128,1.7807911579210868e-16,1.7807911579210867e-14
78,gaussian,-2.753112212832027,-2.4149505495214902,-2.414950549521491,-0.07793046223351244,-0.07793046223351233,1.4246329263368781e-15,1.4246329263368782e-13
78,oscillating,5.676208156542812,-2.414950549521492,-2.414950549521491,-0.07793046223351215,-0.07793046223351217,3.5615823158422023e-16,3.5615823158422024e-14
79,constant,-0.4486299893466908,-1.3473121480795514,-1.3473121480795496,-0.37315844585261765,-0.3731584458526174,5.950410807872466e-16,5.950410807872466e-14
79,gaussian,-1.5357418584488542,-1.3473121480795491,-1.3473121480795496,-0.37315844585261726,-0.37315844585261726,0.0,0.0
79,oscillating,9.866020329694244,-1.3473121480795491,-1.3473121480795496,-0.37315844585261726,-0.37315844585261726,0.0,0.0
80,constant,-1.282508150353745,-2.4200375178596767,-2.420037517859674,-0.09799375419010385,-0.0979937541901038,5.664764217887595e-16,5.664764217887595e-14
80,gaussian,-2.7779741292419358,-2.420037517859674,-2.420037517859674,-0.09799375419010417,-0.09799375419010409,8.497146326831368e-16,8.497146326831368e-14
80,oscillating,8.189758072249937,-2.4200375178596722,-2.420037517859674,-0.09799375419010438,-0.0979937541901043,8.49714632683135e-16,8.497146326831349e-14
81,constant,0.6645118568174045,2.2025524189090295,2.202552418909035,0.20140472819231003,0.20140472819231003,0.0,0.0
81,gaussian,2.5105520515935296,2.202552418909035,2.202552418909035,0.2014047281923093,0.20140472819230926,2.756199009302964e-16,2.756199009302964e-14
81,oscillating,12.994084355014529,2.202552418909037,2.202552418909035,0.20140472819230895,0.20140472819230892,1.3780995046514843e-16,1.3780995046514842e-14
82,constant,0.9256146101877912,1.7965924046331019,1.796592404633099,0.9223925720063649,0.9223925720063652,2.407267921098337e-16,2.407267921098337e-14
82,gaussian,2.0592698683746913,1.7965924046330985,1.796592404633099,0.9223925720063658,0.9223925720063658,0.0,0.0
82,oscillating,-5.326985933937785,1.7965924046331003,1.796592404633099,0.922392572006366,0.9223925720063655,6.01816980274584e-16,6.018169802745839e-14
83,constant,1.7377149588103784,1.7831573531656628,1.783157353165661,0.1130878673276863,0.11308786732768639,7.363011507291949e-16,7.363011507291948e-14
83,gaussian,2.3707625551834726,1.7831573531656622,1.783157353165661,0.11308786732768643,0.11308786732768639,3.6815057536459743e-16,3.681505753645974e-14
83,oscillating,4.023883398361737,1.7831573531656608,1.783157353165661,0.11308786732768636,0.11308786732768641,4.908674338194631e-16,4.9086743381946314e-14
84,constant,-0.49770193411464864,-1.9151139392430996,-1.9151139392431018,-0.769103311386049,-0.7691033113860488,2.8870582357118015e-16,2.8870582357118017e-14
84,gaussian,-2.1829141492144504,-1.9151139392431016,-1.9151139392431018,-0.7691033113860487,-0.7691033113860483,5.774116471423607e-16,5.774116471423607e-14
84,oscillating,-3.8798037246659267,-1.9151139392431002,-1.9151139392431018,-0.7691033113860493,-0.7691033113860487,7.217645589279504e-16,7.217645589279505e-14
85,constant,0.27406916323693137,0.8808376570472088,0.8808376570472075,0.07606171910926093,0.07606171910926088,7.298172047822983e-16,7.298172047822982e-14
85,gaussian,1.0040141311682809,0.8808376570472075,0.8808376570472075,0.07606171910926078,0.0760617191092608,1.8245430119557476e-16,1.8245430119557475e-14
85,oscillating,12.222841328340696,0.8808376570472052,0.8808376570472075,0.07606171910926066,0.07606171910926066,0.0,0.0
86,constant,0.8167885950456798,1.5339875164967893,1.5339875164967882,0.918399269092032,0.9183992690920317,2.4177349917161163e-16,2.4177349917161162e-14
86,gaussian,1.7614068287308153,1.5339875164967887,1.5339875164967882,0.9183992690920316,0.9183992690920316,0.0,0.0
86,oscillating,-5.322409606805282,1.5339875164967895,1.5339875164967882,0.9183992690920316,0.9183992690920317,1.2088674958580582e-16,1.2088674958580581e-14
87,constant,3.5116218547634697,2.967406803711769,2.9674068037117745,0.07778261563592523,0.0777826156359255,3.568352052538726e-15,3.568352052538726e-13
87,gaussian,4.377757453699362,2.9674068037117745,2.9674068037117745,0.07778261563592309,0.07778261563592315,7.136704105077668e-16,7.136704105077668e-14
87,oscillating,5.977352165027154,2.9674068037117727,2.9674068037117745,0.07778261563592381,0.07778261563592392,1.4273408210155195e-15,1.4273408210155194e-13
88,constant,1.6555460095367038,2.190950562494348,2.1909505624943497,0.08923405108155083,0.08923405108155087,4.665636370738591e-16,4.665636370738591e-14
88,gaussian,2.6530562822823605,2.1909505624943493,2.1909505624943497,0.08923405108155076,0.08923405108155079,3.1104242471590637e-16,3.1104242471590637e-14
88,oscillating,9.228333918783408,2.1909505624943497,2.1909505624943497,0.08923405108155075,0.08923405108155076,1.5552121235795323e-16,1.5552121235795325e-14
89,constant,-2.0671602451615203,-2.565879663705065,-2.5658796637050676,-0.21521267347830092,-0.21521267347830123,1.418649407757576e-15,1.4186494077575762e-13
89,gaussian,-3.1659216636416314,-2.5658796637050685,-2.5658796637050676,-0.2152126734783001,-0.21521267347830003,2.5793625595592433e-16,2.5793625595592432e-14
89,oscillating,-8.380048165396438,-2.565879663705066,-2.5658796637050676,-0.21521267347830098,-0.21521267347830092,2.579362559559233e-16,2.5793625595592328e-14
90,constant,-0.6434988839466924,-2.4058193069708977,-2.4058193069708986,-0.28438718876810554,-0.2843871887681057,5.855870456582599e-16,5.8558704565826e-14
90,gaussian,-2.742237519974504,-2.4058193069709,-2.4058193069708986,-0.2843871887681051,-0.28438718876810504,1.951956818860871e-16,1.951956818860871e-14
90,oscillating,-5.177018426984411,-2.405819306970898,-2.4058193069708986,-0.2843871887681055,-0.2843871887681056,3.903913637721734e-16,3.9039136377217345e-14
91,constant,-0.1812728797531695,-0.576660371248948,-0.576660371248947,-0.030296425296357957,-0.030296425296357964,2.290334201487839e-16,2.2903342014878393e-14
91,gaussian,-0.6573013578433986,-0.5766603712489473,-0.576660371248947,-0.030296425296357912,-0.030296425296357937,8.016169705207445e-16,8.016169705207445e-14
91,oscillating,-14.585963005416026,-0.576660371248939,-0.576660371248947,-0.030296425296357538,-0.030296425296357544,2.2903342014878713e-16,2.2903342014878712e-14
92,constant,-0.5241108557136304,-1.1058384710667641,-1.1058384710667675,-0.19012265636136524,-0.19012265636136533,4.37963199339176e-16,4.37963199339176e-14
92,gaussian,-1.2637356999344167,-1.1058384710667675,-1.1058384710667675,-0.1901226563613656,-0.19012265636136563,1.4598773311305844e-16,1.4598773311305843e-14
92,oscillating,2.5102390303338633,-1.1058384710667681,-1.1058384710667675,-0.19012265636136563,-0.1901226563613657,2.919754662261168e-16,2.919754662261168e-14
93,constant,0.10031919468938792,0.3489639847620357,0.3489639847620356,0.22924988717494996,0.22924988717494996,0.0,0.0
93,gaussian,0.3977616747494885,0.34896398476203566,0.3489639847620356,0.22924988717494993,0.22924988717494993,0.0,0.0
93,oscillating,1.1195256607319082,0.3489639847620356,0.3489639847620356,0.2292498871749501,0.2292498871749499,8.474989091756094e-16,8.474989091756094e-14
94,constant,0.6707175434587048,2.2724917576925465,2.2724917576925456,0.6212424304410271,0.621242430441027,1.7871010900478817e-16,1.7871010900478818e-14
94,gaussian,2.5902693543773005,2.2724917576925447,2.2724917576925456,0.621242430441028,0.6212424304410279,1.7871010900478793e-16,1.7871010900478793e-14
94,oscillating,9.610271312030235,2.2724917576925443,2.2724917576925456,0.6212424304410279,0.6212424304410281,3.574202180095757e-16,3.574202180095757e-14
95,constant,1.3796379223350739,1.3250235896527431,1.325023589652742,0.8920937486618451,0.8920937486618451,0.0,0.0
95,gaussian,1.8199175558066414,1.3250235896527418,1.325023589652742,0.8920937486618448,0.8920937486618448,0.0,0.0
95,oscillating,2.8213261345622533,1.3250235896527418,1.325023589652742,0.8920937486618445,0.8920937486618448,2.4890276975721623e-16,2.489027697572162e-14
96,constant,-0.9920298438937302,-2.797798096104463,-2.7977980961044615,-0.10355766312407486,-0.10355766312407477,8.040614700538597e-16,8.040614700538596e-14
96,gaussian,-3.1892075532559083,-2.7977980961044615,-2.7977980961044615,-0.10355766312407523,-0.10355766312407516,6.700512250448806e-16,6.700512250448805e-14
96,oscillating,9.337475486601369,-2.7977980961044637,-2.7977980961044615,-0.10355766312407469,-0.10355766312407451,1.7421331851167003e-15,1.7421331851167004e-13
97,constant,-0.2195652408204303,-0.2127530678955311,-0.21275306789553092,-0.048667425263032096,-0.04866742526303209,1.4257778927906196e-16,1.4257778927906197e-14
97,gaussian,-0.2908801575250739,-0.21275306789553092,-0.21275306789553092,-0.04866742526303206,-0.04866742526303205,2.8515557855812417e-16,2.851555785581242e-14
97,oscillating,-0.4559051262601937,-0.21275306789553095,-0.21275306789553092,-0.04866742526303206,-0.048667425263032055,1.4257778927906206e-16,1.4257778927906207e-14
98,constant,1.0906877153095234,2.672230089275956,2.6722300892759554,0.12262810950528383,0.12262810950528381,1.1316971177164219e-16,1.1316971177164219e-14
98,gaussian,3.0473273349715835,2.6722300892759554,2.6722300892759554,0.12262810950528394,0.12262810950528392,1.1316971177164206e-16,1.1316971177164206e-14
98,oscillating,-5.441183487840873,2.6722300892759554,2.6722300892759554,0.12262810950528368,0.12262810950528392,2.0370548118895575e-15,2.0370548118895576e-13
99,constant,-0.18338095071427896,-0.21241987072593052,-0.21241987072593105,-0.22423895973949332,-0.22423895973949337,2.475535531191677e-16,2.475535531191677e-14
99,gaussian,-0.26842242222777807,-0.21241987072593113,-0.21241987072593105,-0.22423895973949395,-0.22423895973949398,1.237767765595835e-16,1.237767765595835e-14
99,oscillating,-0.5784366680615403,-0.21241987072593058,-0.21241987072593105,-0.22423895973949334,-0.2242389597394934,2.4755355311916766e-16,2.4755355311916766e-14
100,constant,0.33756990922885927,0.8055206392187351,0.8055206392187363,0.2765298530587695,0.2765298530587696,4.014839672262083e-16,4.014839672262083e-14
100,gaussian,0.9187610748344974,0.805520639218737,0.8055206392187363,0.27652985305877004,0.2765298530587701,2.0074198361310379e-16,2.0074198361310378e-14
100,oscillating,-1.614072758185465,0.8055206392187364,0.8055206392187363,0.27652985305877,0.2765298530587699,2.007419836131039e-16,2.007419836131039e-14
101,constant,-0.5331228860773913,-1.8758378667067799,-1.8758378667067748,-0.6048282314829986,-0.6048282314829986,0.0,0.0
101,gaussian,-2.1381468946826936,-1.8758378667067754,-1.8758378667067748,-0.6048282314829992,-0.6048282314829995,3.671201067790636e-16,3.6712010677906357e-14
101,oscillating,-5.481398775800467,-1.8758378667067728,-1.8758378667067748,-0.604828231483,-0.6048282314829999,1.8356005338953165e-16,1.8356005338953166e-14
102,constant,-0.3256719502453584,-1.2714287919862501,-1.2714287919862457,-0.3622129345951596,-0.3622129345951594,4.597667222455909e-16,4.5976672224559086e-14
102,gaussian,-1.4492191832990229,-1.2714287919862464,-1.2714287919862457,-0.36221293459515913,-0.36221293459515896,4.597667222455914e-16,4.597667222455914e-14
102,oscillating,-2.5458950709029713,-1.2714287919862468,-1.2714287919862457,-0.36221293459515896,-0.3622129345951591,3.065111481637275e-16,3.0651114816372753e-14
103,constant,2.3273410672904014,1.4083573664906888,1.408357366490686,0.7153687421893039,0.715368742189304,1.5519590934703755e-16,1.5519590934703756e-14
103,gaussian,2.6201698440775107,1.4083573664906868,1.408357366490686,0.7153687421893041,0.7153687421893038,4.655877280411128e-16,4.655877280411128e-14
103,oscillating,3.0102597889592944,1.408357366490686,1.408357366490686,0.7153687421893035,0.7153687421893037,3.1039181869407525e-16,3.1039181869407525e-14
104,constant,-0.4521133444793684,-0.5622054505521044,-0.5622054505521044,-0.039515933379847816,-0.0395159333798478,3.5119473642223144e-16,3.511947364222314e-14
104,gaussian,-0.6932894987062427,-0.5622054505521044,-0.5622054505521044,-0.0395159333798478,-0.0395159333798478,0.0,0.0
104,oscillating,-1.846904996085556,-0.5622054505521045,-0.5622054505521044,-0.0395159333798478,-0.03951593337984781,1.755973682111157e-16,1.7559736821111568e-14
105,constant,-0.6122422536537518,-1.4822174214392372,-1.4822174214392387,-0.24130098720536278,-0.2413009872053627,3.4507412427625522e-16,3.4507412427625525e-14
105,gaussian,-1.69040665921578,-1.4822174214392394,-1.4822174214392387,-0.2413009872053628,-0.24130098720536275,2.3004941618417007e-16,2.3004941618417005e-14
105,oscillating,2.9901172056000953,-1.4822174214392385,-1.4822174214392387,-0.24130098720536278,-0.24130098720536272,2.300494161841701e-16,2.3004941618417012e-14
106,constant,0.07154359491564025,0.25499460345500496,0.2549946034550047,0.19976096340141802,0.199760963401418,1.3894394151400931e-16,1.389439415140093e-14
106,gaussian,0.29065190171184374,0.25499460345500463,0.2549946034550047,0.1997609634014177,0.19976096340141772,1.3894394151400949e-16,1.3894394151400948e-14
106,oscillating,0.6820318442748001,0.25499460345500474,0.2549946034550047,0.19976096340141772,0.19976096340141783,5.557757660560376e-16,5.557757660560377e-14
107,constant,2.6501801831691627,2.9768397653449816,2.9768397653449705,0.04814755522421386,0.048147555224213906,1.0088208446131465e-15,1.0088208446131465e-13
107,gaussian,3.806411601201197,2.976839765344969,2.9768397653449705,0.04814755522421756,0.04814755522421751,1.1529381081292242e-15,1.1529381081292241e-13
107,oscillating,7.630550402567382,2.9768397653449696,2.9768397653449705,0.048147555224217396,0.048147555224217375,4.323517905484602e-16,4.323517905484602e-14
108,constant,0.30916050840437137,0.6281808914954398,0.6281808914954381,0.05390088021688507,0.0539008802168851,5.149373350480765e-16,5.149373350480765e-14
108,gaussian,0.7186841447893174,0.6281808914954381,0.6281808914954381,0.053900880216884994,0.05390088021688498,2.574686675240388e-16,2.5746866752403882e-14
108,oscillating,-1.5765912219515228,0.6281808914954387,0.6281808914954381,0.053900880216884994,0.05390088021688502,5.149373350480773e-16,5.1493733504807725e-14
109,constant,0.8832773969830421,2.068406318852585,2.0684063188525896,0.14789650930292245,0.14789650930292242,1.8766890271074355e-16,1.8766890271074354e-14
109,gaussian,2.3595835866437116,2.06840631885259,2.0684063188525896,0.14789650930292197,0.14789650930292203,3.753378054214881e-16,3.753378054214881e-14
109,oscillating,-4.1387470074817685,2.0684063188525896,2.0684063188525896,0.1478965093029222,0.14789650930292206,9.383445135537201e-16,9.383445135537201e-14
110,constant,1.500874708098278,2.330426171249599,2.3304261712495995,0.053620341517019825,0.053620341517019804,3.8822359430727996e-16,3.8822359430728e-14
110,gaussian,2.7289024743527297,2.330426171249601,2.3304261712495995,0.05362034151701972,0.053620341517019714,1.2940786476909354e-16,1.2940786476909353e-14
110,oscillating,128.91781603584383,2.3304261712495706,2.3304261712495995,0.05362034151702125,0.05362034151702126,2.588157295381796e-16,2.588157295381796e-14
111,constant,-1.6720676411200317,-2.741181457633905,-2.741181457633906,-0.4196582705305055,-0.4196582705305055,0.0,0.0
111,gaussian,-3.185625636642579,-2.741181457633905,-2.741181457633906,-0.41965827053050564,-0.4196582705305055,3.9683110137029353e-16,3.968311013702935e-14
111,oscillating,40.08598715285079,-2.741181457633896,-2.741181457633906,-0.4196582705305138,-0.4196582705305143,1.1904933041108555e-15,1.1904933041108556e-13
112,constant,1.2192897724365577,0.8791924426702411,0.8791924426702383,0.4007934771140618,0.40079347711406177,1.385031304176135e-16,1.385031304176135e-14
112,gaussian,1.4377287781663968,0.8791924426702381,0.8791924426702383,0.40079347711406066,0.4007934771140607,1.3850313041761385e-16,1.3850313041761385e-14
112,oscillating,1.77305779277541,0.8791924426702383,0.8791924426702383,0.400793477114061,0.4007934771140608,4.1550939125284146e-16,4.155093912528415e-14
113,constant,1.581891947305982,2.0480490197085404,2.048049019708539,0.5243019591533387,0.5243019591533387,0.0,0.0
113,gaussian,2.495265652885112,2.048049019708539,2.048049019708539,0.5243019591533392,0.5243019591533391,2.1175259890655013e-16,2.1175259890655014e-14
113,oscillating,7.809347365969906,2.0480490197085395,2.048049019708539,0.524301959153339,0.5243019591533389,2.1175259890655023e-16,2.1175259890655024e-14
114,constant,1.5117833314890388,2.3182701528458747,2.3182701528458662,0.11150365029642602,0.11150365029642598,3.7338117014791103e-16,3.7338117014791104e-14
114,gaussian,2.7199163637040376,2.318270152845865,2.3182701528458662,0.11150365029642702,0.11150365029642698,3.7338117014790767e-16,3.733811701479077e-14
114,oscillating,62.16257200049343,2.3182701528458667,2.3182701528458662,0.11150365029642677,0.1115036502964268,2.489207800986055e-16,2.489207800986055e-14
115,constant,-1.0305345484675639,-2.755168978058158,-2.755168978058167,-0.0942827724946026,-0.09428277249460254,5.887730044683945e-16,5.887730044683945e-14
115,gaussian,-3.1408597929630533,-2.7551689780581667,-2.755168978058167,-0.09428277249460046,-0.09428277249460047,1.4719325111710185e-16,1.4719325111710184e-14
115,oscillating,6.84354795631268,-2.755168978058168,-2.755168978058167,-0.09428277249459995,-0.09428277249460017,2.355092017873637e-15,2.355092017873637e-13
116,constant,0.24798238781303525,0.9737103594755895,0.9737103594755924,0.08885721364804401,0.08885721364804397,4.685423019041447e-16,4.685423019041447e-14
116,gaussian,1.1098692550120135,0.9737103594755923,0.9737103594755924,0.08885721364804414,0.08885721364804414,0.0,0.0
116,oscillating,1.9478125850518544,0.973710359475593,0.9737103594755924,0.0888572136480442,0.08885721364804418,3.1236153460276237e-16,3.1236153460276237e-14
117,constant,-0.8774817452689512,-2.1136448971920854,-2.1136448971920836,-0.3617158310219927,-0.3617158310219927,0.0,0.0
117,gaussian,-2.4106051682888117,-2.113644897192084,-2.1136448971920836,-0.36171583102199306,-0.36171583102199295,3.069323843217827e-16,3.069323843217827e-14
117,oscillating,4.250984029476261,-2.113644897192085,-2.1136448971920836,-0.36171583102199273,-0.3617158310219928,1.5346619216089143e-16,1.5346619216089142e-14
118,constant,0.4733217369606195,0.991245427105939,0.991245427105938,0.7484322720773761,0.7484322720773757,4.450194357106942e-16,4.4501943571069426e-14
118,gaussian,1.1330089614723324,0.991245427105938,0.991245427105938,0.7484322720773751,0.7484322720773753,2.9667962380712964e-16,2.9667962380712965e-14
118,oscillating,-2.289978426002354,0.991245427105938,0.991245427105938,0.7484322720773755,0.7484322720773753,2.9667962380712964e-16,2.9667962380712965e-14
119,constant,-0.7878505328746389,-1.6568222735169127,-1.6568222735169091,-0.3394245631573054,-0.33942456315730546,1.6354488524606618e-16,1.6354488524606617e-14
119,gaussian,-1.8935497739288976,-1.6568222735169107,-1.6568222735169091,-0.3394245631573054,-0.33942456315730546,1.6354488524606618e-16,1.6354488524606617e-14
119,oscillating,3.7894782373313367,-1.656822273516909,-1.6568222735169091,-0.3394245631573056,-0.33942456315730557,1.6354488524606613e-16,1.6354488524606614e-14
