поколение,блок,код,название/гипотеза,данные,постановка,исходный_вердикт,статус_после_сверки_gen3,артефакты
gen1-2,TOY_MODEL,T01,Калибровочная инвариантность наблюдаемых и роль некоммутативности,-,"Решётка по (x,mu), вычисление Tr(F rho) до/после случайных калибровочных преобразований; отдельный контроль полного gauge-трансформа",all_gauge_invariant_within_tol=True; max|ΔΛ|~1.11e-15 (сеточный) и ~1.05e-15 (full gauge). Значит наблюдаемые корректны численно до машинной точности,Не пересматривался: внутренняя валидация формализма; после gen3 формализм понижен до организующего словаря,research_programm_summary.csv; clean_experiments/
gen1-2,TOY_MODEL,T02,"Wave-1: синусоидальный закон Lambda_matter, эрмитизация и state-dependence",-,"Скан угла phi, чистых/смешанных состояний и пространственных профилей; контроль симметризации кривизны","fraction_pass_all=1.0 (120/120), ошибки ~1e-16, min R2=1.0. Закон Lambda_matter ~ sin(phi) подтверждён как точный в данном секторе",Не пересматривался: внутренняя валидация формализма; после gen3 формализм понижен до организующего словаря,research_programm_summary.csv; clean_experiments/
gen1-2,TOY_MODEL,T03,"Замыкание баланса на расширенной базе (t,x,mu)",-,Многослойная эволюция с явными вертикальными и горизонтальными потоками и источниками; контроль остатка уравнения баланса,all_balance_ok_1e-10=True; max residual ~4.44e-16. Баланс замыкается на машинной точности,Не пересматривался: внутренняя валидация формализма; после gen3 формализм понижен до организующего словаря,research_programm_summary.csv; clean_experiments/
gen1-2,TOY_MODEL,T04,"Когерентность как лучший предиктор вертикальной динамики, чем |Lambda|",-,Робастные серии по eta0 и сиду; сравнение предсказательной силы признаков coherence vs |Lambda|,"fraction_runs_coh_r2_better=1.0, mean ΔR2~0.0483, mean Δcorr~0.299. Когерентность систематически информативнее",Не пересматривался: внутренняя валидация формализма; после gen3 формализм понижен до организующего словаря,research_programm_summary.csv; clean_experiments/
gen1-2,TOY_MODEL,T05,Устойчивость синусоидального закона к параметрическим вариациям,-,Параметрический sweep по k и другим настройкам; сравнение численного и аналитического закона,fraction_cases_max_rel_error_lt_1e-12=1.0; max rel error~6.29e-15. Закон очень устойчив,Не пересматривался: внутренняя валидация формализма; после gen3 формализм понижен до организующего словаря,research_programm_summary.csv; clean_experiments/
gen1-2,TOY_MODEL,T06,Инвариантность при фиксированной суммарной фазе RG-профиля,-,Сравнение profile-семейств при одинаковой суммарной фазе; анализ расхождения Lambda,fraction_cases_spread_lt_1e-12=1.0; max spread~8.44e-15. Поддержка фазовой (голономной) интерпретации,Не пересматривался: внутренняя валидация формализма; после gen3 формализм понижен до организующего словаря,research_programm_summary.csv; clean_experiments/
gen1-2,TOY_MODEL,T07,G2 toy-chain: термодинамический отклик Clausius по epsilon,-,Линейные регрессии dS_hor на dQ_in в серии значений epsilon и сидов,"frac_global_positive_slope=1.0; mean slope~0.644; mean R2~0.246. Положительный отклик стабилен, но качество аппроксимации умеренное",Не пересматривался: внутренняя валидация формализма; после gen3 формализм понижен до организующего словаря,research_programm_summary.csv; clean_experiments/
gen1-2,TOY_MODEL,T08,G2 single-qubit: границы равновесного приближения по профилям omega(mu),-,"Робастный профиль-скан (constant/gaussian/oscillating), сравнение R2 и T_eff","oscillating — худший в 100% случаев; mean R2: constant~0.938, gaussian~0.336, oscillating~0.0473. Это маркер выхода из квазистатики",Не пересматривался: внутренняя валидация формализма; после gen3 формализм понижен до организующего словаря,research_programm_summary.csv; clean_experiments/
gen1-2,TOY_MODEL,T09,H1: рост размерности слоёв + голографическое обрезание,-,"Экспоненциальный рост dim(H_mu), сравнение усечённых/неусечённых оценок и trace-контролей",fraction_pass_all=1.0; min stability_gain~1.766; median~3.931; trace residual ~2e-16. Регуляризация работает устойчиво,Не пересматривался: внутренняя валидация формализма; после gen3 формализм понижен до организующего словаря,research_programm_summary.csv; clean_experiments/
gen1-2,TOY_MODEL,T10,H2: континуумный предел закона сохранения,-,Экстраполяция интерсепта остатка и качество fit в робастном наборе,fraction_pass_all=1.0; scaled criterion=100%; min R2~0.603. Континуумная экстраполяция согласована,Не пересматривался: внутренняя валидация формализма; после gen3 формализм понижен до организующего словаря,research_programm_summary.csv; clean_experiments/
gen1-2,TOY_MODEL,T11,H3: уточнение фазы Берри (снятие риска R3),-,"Тонкие сетки по шагу и скан углов theta, сравнение с аналитической фазой",pass_all=True; max finest-grid error~1.52e-5 при пороге 3e-3. Отклонения на грубых сетках — численный артефакт,Не пересматривался: внутренняя валидация формализма; после gen3 формализм понижен до организующего словаря,research_programm_summary.csv; clean_experiments/
gen1-2,TOY_MODEL,T12,H4: статистическая связь Lambda_matter с эффективным источником,-,"Сборка wave1+G2 датасета, repeated holdout, permutation test, bootstrap sign-consistency",fraction_pass_all=1.0; median test R2~0.357 (min~0.314); max perm p~0.0099; median sign consistency~0.947. Связь статистически значима в прокси-постановке,Не пересматривался: внутренняя валидация формализма; после gen3 формализм понижен до организующего словаря,research_programm_summary.csv; clean_experiments/
gen1-2,TOY_MODEL,T13,H4b: геометрия пространства теорий и некоммутативность RG,-,"FS/QGT и response-метрики на сетке параметров, plus gauge/coarse robust controls","success_rate=1.0; min corr(source,comm)~0.9928; min |corr(source,FS)|~0.9928; gauge errors <=1e-12. Геометрическая связь очень сильная",Не пересматривался: внутренняя валидация формализма; после gen3 формализм понижен до организующего словаря,research_programm_summary.csv; clean_experiments/
gen1-2,TOY_MODEL,T14,H5: встраивание полей материи (fermion+gauge),-,"Решёточный фермион+линк-гейдж гамильтониан; проверки [Q,H], локальной непрерывности и дрейфа полного заряда","success_rate=1.0; max ||[Q,H]||=0; max continuity residual~9.09e-17; max charge drift~1.33e-15. Минимальный matter-сектор согласован",Не пересматривался: внутренняя валидация формализма; после gen3 формализм понижен до организующего словаря,research_programm_summary.csv; clean_experiments/
gen1-2,TOY_MODEL,T15,F1: эмерджентная фрактальность при балансе epsilon~1 (минимум вертикального потока),-,"Two-scale GKSL скан epsilon в [0.01,10] с метриками vertical_flow_abs_mean, source_abs_mean, d_s_effrank_mean.","epsilon*=1.00; d_s(epsilon*)=2.8258 (нецелая), d_s(0.01)=1.0179, d_s(10)=2.9524; PASS_ALL=True. Поддерживает режимную картину: классика -> фрактальный аттрактор -> насыщение.",Не пересматривался: внутренняя валидация формализма; после gen3 формализм понижен до организующего словаря,research_programm_summary.csv; clean_experiments/
gen1-2,TOY_MODEL,T16,F2: ковариантность секции у fixed-point и совпадение Delta с линейным RG-прогнозом,-,"Тест ||Psi(lambda*mu)-lambda^(-Delta)U Psi(mu)||^2 для lambda={2,3,4,5}; Delta_measured из fit и Delta_predicted=-0.5 Tr(M).","При epsilon*=1.00: delta_covariance_max=4.15e-30, R2=1.0, Delta_measured=1.85 и Delta_predicted=1.85; PASS_ALL=True. Вне fixed-point residual растёт, как и ожидалось.",Не пересматривался: внутренняя валидация формализма; после gen3 формализм понижен до организующего словаря,research_programm_summary.csv; clean_experiments/
gen1-2,TOY_MODEL,T17,F3: Lambda_matter геометрически кодирует избыточную фрактальную размерность (D_f-d_top),-,"Независимо вычислены Lambda_matter из Tr(F_phys rho) и D_f из спектра сигнала Tr(rho^2) на epsilon-сетке [0.01,10]; затем корреляция и регрессия.","corr(Lambda_matter, D_f-d_top)=0.923694, slope=0.308032>0, R2=0.853211, p=3.748e-4; corr(Lambda_coh, D_f-d_top)=0.926734; PASS_ALL=True.",Не пересматривался: внутренняя валидация формализма; после gen3 формализм понижен до организующего словаря,research_programm_summary.csv; clean_experiments/
gen1-2,TOY_MODEL,T18,"F4 (финал через F4b): фрактальность кодируется голономией межмасштабной связности, а не локальным трюком",-,"F4b: треугольные петли в mu-пространстве, Delta_order, абляции A/B/D, bootstrap по epsilon*, gauge-robust проверки, диагностика сидов и согласие двух D_f-оценивателей.","Pearson corr=0.970675, Spearman=0.936364, perm_p=1.9996e-4, partial corr|log(epsilon)=0.651518, epsilon* CI=[1.00,1.15], failed_seed_share=0.22; PASS_ALL=True. Абляции A/B дают константную метрику (co",Не пересматривался: внутренняя валидация формализма; после gen3 формализм понижен до организующего словаря,research_programm_summary.csv; clean_experiments/
gen1-2,TOY_MODEL,T19,"F6: SOC-подпись лавин DeltaLambda_coh с показателем, предсказанным из RG-экспоненты F2",-,"SOC toy-динамика в mu-пространстве (slow drive + threshold toppling), fit степенного хвоста DeltaLambda_coh на epsilon-сетке; alpha_pred=1+1/y_rel из F2.","При epsilon*=1.00: alpha_pred=1.540541, alpha_measured=1.559421 (ошибка 1.226%), fit R2=0.980464, dynamic_range_median=364.79; PASS_ALL=True. Robustness: при transfer_fraction=0.90..0.99 alpha остаётс",Не пересматривался: внутренняя валидация формализма; после gen3 формализм понижен до организующего словаря,research_programm_summary.csv; clean_experiments/
gen1-2,TOY_MODEL,T20,T20: Einstein-in-a-box (synthetic) — в инерционном диапазоне выполняется квазилинейная связь Lambda~Pi,-,"Синтетический 2D каскад; полосы масштабов, rho_mu(t) из rolling covariance, G_fwd/G_back, F=Herm(i[...]), Lambda_b=Re Tr(F rho), Pi_b=mean(|k|E_k); binned regression по forcing/inertial/dissipation.","Инерционный aggregate: R2_binned=0.726961, slope_binned>0, PASS=True; forcing/dissipation показывают более слабую/ломаную связь. Это подтверждает работоспособность Einstein-box протокола на контролиру",РЕТРАГИРОВАН (gen3 B1): корреляция Λ~Π вложена общим латентным драйвером; тест был positive control пайплайна,research_programm_summary.csv; clean_experiments/
gen1-2,ATMOSPHERE_DATA,A01,M1: макроскопическая обнаружимость Lambda в ERA5-влагобюджете,-,"WPWP (81x161, 2017-2019, шаг 6ч), residual closure: сравнение ctrl vs ctrl+Lambda, blocked CV (6 fold), ridge alpha=1e-6, permutation n=140","oof_gain_frac=0.003412 (~0.34%); perm_p_value=0.00709; split_gain_median=0.00439; pass_all=True. Эффект малый, но статистически значимый и воспроизводимый","Сигнал +0.34% MAE не пересматривался; gen3 B7 закрыл вопрос влагобюджета отрицательно (инкремент −0.018, p=0.92)",research_programm_summary.csv; clean_experiments/
gen1-2,ATMOSPHERE_DATA,A02,M2: структурная консистентность (Lambda_h vs Lambda_v) и плацебо-фальсификация,-,Сопоставление независимых горизонтальной и вертикальной реконструкций Lambda + AR(24) placebo-суррогаты (n_synth=100),"corr(Lambda_h,Lambda_v): r=0.99631, R2=0.99263; p_placebo=0.0 для lambda_h и lambda_v; real_gain ~0.0034 выше хвоста синтетики. Сигнал структурно устойчив и не сводится к шуму","Сигнал +0.34% MAE не пересматривался; gen3 B7 закрыл вопрос влагобюджета отрицательно (инкремент −0.018, p=0.92)",research_programm_summary.csv; clean_experiments/
gen1-2,ATMOSPHERE_DATA,A03,M3: парадокс суша/океан и noise-probe предел наблюдаемости,-,"Land/Ocean split + варианты цели residual_full, residual_no_pe, p_minus_e_only, residual_full_roll4 (24ч сглаживание)","residual_full: land gain=-0.000491 (p=0.879), ocean gain=0.001818 (p=0.0213); residual_no_pe: land~-0.000019; roll4: land=0.001357 (p=0.0567), ocean=0.004099 (~0.41%, p=0.0213). Это согласуется с шумо","Сигнал +0.34% MAE не пересматривался; gen3 B7 закрыл вопрос влагобюджета отрицательно (инкремент −0.018, p=0.92)",research_programm_summary.csv; clean_experiments/
gen1-2,ATMOSPHERE_DATA,A04,O1: термодинамический предел (Clausius baseline доминирует),-,"Exp O (FT слой): dS_hor ~ (1/T_eff)*dQ_in (база) против +Lambda (полная), out-of-time test (train<=2018, test=2019)","R2_base=0.932165, R2_full=0.932161, gain=-3.75e-06, perm_p=0.404. На макромасштабе доминирует классическое Clausius-замыкание, вклад Lambda подавлен",Отрицательный результат подтверждён духом gen3 (нулевые ветки сохранены),research_programm_summary.csv; clean_experiments/
gen1-2,ATMOSPHERE_DATA,A05,O2: пространственная диагностика макросигнала и локальная слабость эффекта,-,Карта локальных gain по FT + корреляция с convective climatology + panel land-aware контроль,"corr(gain,convective_clim)=0.0317 (<0.3 порога), max_gain=0.000920 (<0.05 порога), panel_gain=3.42e-06, corr(lambda_recon,global_lambda)=0.9696. Пространственный эффект слабый и шумочувствительный при",Отрицательный результат подтверждён духом gen3 (нулевые ветки сохранены),research_programm_summary.csv; clean_experiments/
gen1-2,ATMOSPHERE_DATA,A06,M4: фальсификация необходимости Lambda через перестановку масштабов,-,"Три стадии в одном блоке: S1 Placebo-mu (перестановка scale-слоёв в Lambda), S2 F^comm-контроль (скалярная часть), S3 AIC/BIC на OOF-остатках для ctrl, ctrl+Lambda, ctrl+placebo_mu, ctrl+comm",mae_gain_real=0.003412; mae_gain_placebo=-0.002986; perm_p(placebo)=1.0; mae_gain_comm=0.0; beta_comm=0.0; DeltaAIC=-13.202; DeltaBIC=-6.817. Реальный Lambda проходит стадии M4 и остаётся необходимым ,"Сигнал +0.34% MAE не пересматривался; gen3 B7 закрыл вопрос влагобюджета отрицательно (инкремент −0.018, p=0.92)",research_programm_summary.csv; clean_experiments/
gen1-2,ATMOSPHERE_DATA,A07,F5: structural-scale Lambda на ERA5/WPWP детектируется и усиливается при мультискейловости,-,"Curated Experiment M + внешние фрактальные суррогаты (PSD-наклон, variogram slope), blocked-CV, permutation, placebo-time, polynomial placebo, commutative control, land/ocean split.","oof_gain_frac=0.003412>=0.002, perm_p=0.007092<=0.05, strata_positive_frac=1.0; оба суррогата проходят связь с |Lambda|; placebo/commutative контроли деградируют; PASS_ALL=True.","Отрицательные результаты (SOC-хвосты, независимые расширения) стоят; согласуются с gen3",research_programm_summary.csv; clean_experiments/
gen1-2,ATMOSPHERE_DATA,A08,F6b: тяжелые хвосты |Lambda_struct| в ERA5 относятся к SOC-классу с alpha около 1.54,-,"Строгий Clauset/Newman fit: x_min выбирается по минимуму KS на сетке перцентилей [70,99], alpha оценивается MLE, сравнение хвостов через LLR (Power-law vs Exponential); запуск как на агрегированном ряду, так и на panel Lambda_local.","Global: alpha_emp=2.906392, dynamic_range=15.464, LLR p=0.009391; Panel: alpha_emp=3.306688, dynamic_range=15.269, LLR p≈0.0. Степенной хвост детектируется, но alpha устойчиво выше диапазона [1.3,2.0]","Отрицательные результаты (SOC-хвосты, независимые расширения) стоят; согласуются с gen3",research_programm_summary.csv; clean_experiments/
gen1-2,ATMOSPHERE_DATA,A09,F6c: внутри физически осмысленных подпространств (кластеров режимов) появится alpha в диапазоне 1.5-2.0,-,"Анти-overfit протокол: фиксированные признаки (fractal_z, conv_z, exchange_z), K=6 кластеров, Bonferroni-коррекция p-values; tail fit в каждом кластере тем же MLE+KS+LLR пайплайном.","Global alpha_mle=3.161476; any_cluster_passes_corrected_strict=False; PASS_ALL=False. Ни один кластер не вошел в alpha-диапазон [1.5,2.0] при строгих критериях.","Отрицательные результаты (SOC-хвосты, независимые расширения) стоят; согласуются с gen3",research_programm_summary.csv; clean_experiments/
gen1-2,ATMOSPHERE_DATA,A10,F6c-spatial: локальные географические патчи могут содержать SOC-подобные хвосты даже при отрицательном глобальном результате,-,"Patch-wise fitting на панели |Lambda_local(t,y,x)|: окно 15x15, stride=6, для каждого патча независимый MLE+KS+LLR fit и строгая маска alpha in [1.5,2.0] + dynamic range + LLR significance.","fit-available patches=300/300; alpha_min=2.7546, alpha_q10=2.9790, alpha_median=3.2272; strict SOC-candidate patches=0. Локальных «карманов» SOC-диапазона не обнаружено.","Отрицательные результаты (SOC-хвосты, независимые расширения) стоят; согласуются с gen3",research_programm_summary.csv; clean_experiments/
gen1-2,ATMOSPHERE_DATA,A11,M5: строгий transfer-тест Phi над Lambda на хронологических holdout'ах ERA5,-,Strict protocol: train<=2019 -> test=2020 -> external=2021; ridge и permutation фиксированы; сравнение ERA5+Lambda vs ERA5+Lambda+Phi и shuffled-Phi.,"Канонический endpoint: phi-only strict (causal2019) даёт gain_lambda_vs_ctrl=-0.002240 (p=0.4055), gain_phi_vs_lambda=-0.000067 (p=0.3810), external gain_phi_vs_lambda=-0.000023 (p=0.3350). Интерпрета",Отрицательный результат стоит,research_programm_summary.csv; clean_experiments/
gen1-2,ATMOSPHERE_DATA,A12,М6: строгий halo-boundary closure с оценкой только по внутреннему ядру,-,Core-only scoring + halo predictors; split train<=2019 -> test=2020 -> external=2021; blocked chronology; модельная лестница ERA_core/ERA_window/+Phi_H/+Lambda_H/shuffled.,"Канонический run v2: ERA_window gain_vs_core=0.136707 (test 2020, p=0.0005) и 0.092229 (external 2021, p=0.0005). Halo-context даёт большой и устойчивый переносимый прирост по сравнению с core-only ba",ПЕРЕИНТЕРПРЕТИРОВАН (gen3): эффект соседства = пространственная автокорреляция/граничные условия; вклад Λ/Φ ~1e-4,research_programm_summary.csv; clean_experiments/
gen1-2,ATMOSPHERE_DATA,A13,М7: preregistered halo-width scan в фиксированной core-постановке,-,"Locked protocol: core_margin=10, halo_mode=local, widths {0,4,6,8,10}, одинаковая лестница моделей и permutation n=1999.","ERA_window gain_vs_core: w0=0.000000/0.000000, w4=0.151703/0.156626, w6=0.137846/0.131756, w8=0.129966/0.112355, w10=0.126708/0.097619 (test/external; p=0.0005 для w>=4). Оптимум на w=4 и явное насыще",ПЕРЕИНТЕРПРЕТИРОВАН (gen3): эффект соседства = пространственная автокорреляция/граничные условия; вклад Λ/Φ ~1e-4,research_programm_summary.csv; clean_experiments/
gen1-2,ATMOSPHERE_DATA,A14,М8: фальсификационный блок halo-physics (`local` vs `remote` vs `misaligned`),-,Фиксируем width=4 (из M7) и сравниваем local halo против remote и misaligned контролей при той же core-метрике.,"ERA_window gain_vs_core: local=0.151703/0.156626, remote=0.097182/0.058412, misaligned=0.073343/0.059724 (test/external; все p=0.0005). Разности local-remote: +0.054521/+0.098214; local-misaligned: +0",ПЕРЕИНТЕРПРЕТИРОВАН (gen3): эффект соседства = пространственная автокорреляция/граничные условия; вклад Λ/Φ ~1e-4,research_programm_summary.csv; clean_experiments/
gen1-2,ATMOSPHERE_DATA,A15,A15: Einstein в атмосферном столбце (ERA5 box) — детектируемая связь Lambda~Pi в инерционном окне,-,"ERA5 WPWP (u,v), scale_edges_km=[50,100,200,400,800,1600,3200], rolling W=20, rho/F/Lambda как в M-пайплайне; Pi по спектральному потоку ветра; binned условные средние по forcing/inertial/dissipation.","Базовый run (2017-01-01..2017-03-31): inertial R2_binned=0.520142, slope_binned=1.37e-4, p=0.008, PASS_ALL=True; forcing показывает инверсию/ослабление, dissipation ниже inertial. Связь детектируется ",РЕТРАГИРОВАН (gen3 B1): Λ~Π фальсифицировано против истинного потока; прокси не был потоком; знак in-sample; 1 окно из 6,research_programm_summary.csv; clean_experiments/
gen1-2,ATMOSPHERE_EXTENSION,A07.R1,Независимое сезонное расширение (без ретюнинга) подтверждает сигнал M-realpilot v1 expanded positive,-,"Frozen protocol без изменений (feature set, thresholds, Ridge alpha=10, LOEO-CV, n_perm=499). Новая панель: Sep-Oct 2024, 12 событий, MRMS+ABI(C13)+GLM.","mean_mae_gain=-0.009710, perm_p_time=0.708, perm_p_event=0.160, event_positive_frac=0.417, PASS_ALL=False. Независимое расширение не воспроизводит положительный эффект, что согласуется с честной анти-",Не пересматривался в gen3,research_programm_summary.csv; clean_experiments/
gen1-2,ATMOSPHERE_EXTENSION,A07.R2,В независимом окне ABI+GLM устойчивее ABI-only при неизменном протоколе,-,"На том же modeling_dataset из A07.R1 сравнение двух frozen-вариантов структурных столбцов: ABI-only (abi_cold_frac_235, abi_grad_mean) vs ABI+GLM (плюс glm_flash_count_log, convective_coupling_index), без ретюнинга.","ABI-only mean_gain=-0.000609 (p_time=0.132, p_event=0.082); ABI+GLM mean_gain=-0.009710 (p_time=0.704, p_event=0.184). В этом независимом срезе добавление GLM не улучшает и даже ухудшает gain.",Не пересматривался в gen3,research_programm_summary.csv; clean_experiments/
gen1-2,ATMOSPHERE_EXTENSION,A07.R3,Независимое географическое расширение (Southwest) воспроизводит frozen сигнал M-realpilot,-,"Frozen protocol без изменений (feature set/thresholds/Ridge alpha=10/LOEO-CV/n_perm=499) на новой Southwest-панели (12 событий, Jul-Sep 2024), затем ABI-only vs ABI+GLM на том же modeling dataset.","main mean_gain=-0.016272, p_time=0.978, p_event=0.584, PASS_ALL=False. ABI-only=-0.011403 и ABI+GLM=-0.016272 (delta=-0.004868): в этом географическом срезе GLM-компонента не улучшает, а усиливает дег",Не пересматривался в gen3,research_programm_summary.csv; clean_experiments/
gen1-2,ATMOSPHERE_EXTENSION,A07.R4,Сигнал метода определяется совместно сезоном/регионом и составом спутниковых признаков,-,"Сведены три frozen-рана (expanded-positive, independent-seasonal, independent-geographic Southwest) по осям season/region, ABI-only gain, ABI+GLM gain, доля активных окон, средняя GLM sparsity.","Положительный результат остаётся только у v1_expanded_positive (gain=0.001576); оба независимых расширения отрицательны. ABI+GLM > ABI-only только в positive run, а в независимых срезах ABI+GLM хуже A",Не пересматривался в gen3,research_programm_summary.csv; clean_experiments/
gen1-2,ATMOSPHERE_EXTENSION,A07.R5,На frozen протоколе детекция структурного сигнала носит режимный характер и описывается единым периметром исходов,-,"Единый пакет для трех frozen run-ов (expanded-positive, independent seasonal, independent geographic Southwest): общий outcome-вектор y=(mean_gain,p_time,p_event,q_plus,active_minus_calm,PASS_ALL), единые статусы Detected/Compatible undetected/Bridge tension, фиксированный hash протокола.","Периметр: 1 Detected (R1) и 2 Bridge tension (R2,R3). Для R2 и R3 ABI+GLM ухудшает gain относительно ABI-only; detection подтверждена как regime-conditional на конкретном протоколе, а не универсальная",Не пересматривался в gen3,research_programm_summary.csv; clean_experiments/
gen1-2,ATMOSPHERE_EXTENSION,A05.R1,Scale-space occupancy cascade (`l->2l`) выявляет устойчивый сигнал на process-resolved панели,-,"P1-lite на realpilot expanded panel (72 rows/24 events): blocked-CV по event_id, scales l={8,16,32}, target_density_coarse, сравнение baseline vs baseline+lambda_proxy, permutation n=49.","ALL: mae_gain=5.10e-05, r2_gain=0.0220; на l=8/16 значимый положительный gain (perm_p=0.02), на l=32 H1 не проходит при положительном H2/H3. Интерпретация: fine-to-mid scale bridge детектируется устой",Не пересматривался в gen3,research_programm_summary.csv; clean_experiments/
gen1-2,ATMOSPHERE_EXTENSION,A05.R2,Некоммутирующее coarse-graining + density-matrix bridge (C009) устойчиво закрывает sparse-panel во всех масштабах,-,"P2 + ablation: grid-скрининг 75 конфигураций, top-k финал с permutation n=49; выбран C009: weights=[1.5,1,1,1], lambda_scale_power=0.5, decoherence_alpha=0.5.","selected C009 (sparse 72x24): ALL mae_gain=7.43e-06, r2_gain=0.003392, perm_p=0.02, PASS_ALL=True; по l=8/16/32 все scale-level критерии проходят. C009 принят как канонический baseline.",Не пересматривался в gen3,research_programm_summary.csv; clean_experiments/
gen1-2,ATMOSPHERE_EXTENSION,A05.R3,Калиброванный C009 переносится на dense ingest с положительным общим gain при fine-scale чувствительности,-,"Dense ingest (240 rows/16 stable events, контекст +/-6h) + тот же C009 и blocked-CV по event_id; сравнение sparse vs dense по общим и per-scale метрикам.","ALL остаётся положительным: mae_gain=3.10e-07, r2_gain=0.002100; l=16 и l=32 значимы (perm_p=0.02), l=8 деградирует (perm_p=0.80), поэтому PASS_ALL=False. Интерпретация: эффект сохраняется, но finest ",Не пересматривался в gen3,research_programm_summary.csv; clean_experiments/
gen1-2,ATMOSPHERE_EXTENSION,A05.R4,Узкий diagnostic block по l=8 подтверждает физическую природу деградации и обосновывает P2-memory,-,"5 тестов: matched-event, local scalar ablation, operator attribution, resolution scan, regime split + целевой combo-check; использован final memo report_P2_l8_resolution.md.","Matched-event: проблема не объясняется только составом событий; scalar ablation не лечит сигнал; drop_sq и threshold=2.5 в диагностике восстанавливают pass (combo: mae_gain=6.98e-06, r2_gain=0.00656, ",Не пересматривался в gen3,research_programm_summary.csv; clean_experiments/
gen1-2,ATMOSPHERE_EXTENSION,A05.R5,Retarded density-matrix memory stabilizes fine-scale transfer on dense panel without ad-hoc retuning,-,"P2-memory-lite поверх locked C009 на dense tile panel: lagged occupancy/density features t-1,t-2, exponential decay weights, blocked-CV по event_id, память применяется на l=8 при полном наборе операторов и стандартном threshold=3.0.","Best config M001: memory_eta=0.8, memory_tau=0.75, persistence_power=0.0, source=occupancy. l=8: mae_gain=1.22e-06, r2_gain=1.34e-04, perm_p=0.02, event_positive_frac=0.9375, PASS_ALL=True. ALL: mae_g",Не пересматривался в gen3,research_programm_summary.csv; clean_experiments/
gen1-2,ATMOSPHERE_EXTENSION,A05.R6,"Полная GKSL/CPTP память на l=8 подтверждает, что memory-эффект не является суррогатным артефактом",-,"State-space модель: rho_t = Reset_t o GAD_t o Dephase_t o U_t(rho_{t-1}), blocked-CV по event_id, locked C009 без ручного drop channels/threshold.","Best G001: dephase_base=0.8, dephase_comm=0.4, relax_base=0.8, relax_comm=0.0, measurement=1.6, hamiltonian=0.2. CPTP validation proxy (trace/PSD violation) ~8.88e-16. l=8: mae_gain=2.27e-06, r2_gain=",Не пересматривался в gen3,research_programm_summary.csv; clean_experiments/
gen1-2,ATMOSPHERE_EXTENSION,A11.E1,Санити-проверка переноса M1 на расширенные хронологические диапазоны без memory-расширений,-,"Серия locked запусков experiment_M_cosmo_flow: 2017-2020, causal2018, 2020q1, 2017-2021 causal2019.","oof_gain_frac в диапазоне 0.000280..0.001240, split_gain_min отрицателен во всех вариантах, pass_all=False. Базовый перенос слабый и неустойчивый.",Не пересматривался в gen3,research_programm_summary.csv; clean_experiments/
gen1-2,ATMOSPHERE_EXTENSION,A11.E2,Нестрогие bridge-варианты могут переоценивать инкремент Phi при ослаблении locking/causal ограничений,-,Family run-ы: experiment_M_gksl_hybrid_bridge + screened/locked/raw variants.,"В non-strict вариантах встречается большой прирост (до gain_phi_vs_lambda=0.016538), который не воспроизводится в строгих постановках. Эти результаты переведены в диагностический статус.",Не пересматривался в gen3,research_programm_summary.csv; clean_experiments/
gen1-2,ATMOSPHERE_EXTENSION,A11.E3,Дополнительные strict-hybrid варианты нужны для чувствительности к режиму отбора признаков,-,Strict variants: locked_raw/screened/nested/noncausal и разбиения 2017-2020.,Знаки gain_phi_vs_lambda и p-values меняются между вариантами; перенос в external нестабилен. Это подтверждает выбор канонического отрицательного endpoint по заранее зафиксированной causal2019 схеме.,Не пересматривался в gen3,research_programm_summary.csv; clean_experiments/
gen1-2,ATMOSPHERE_EXTENSION,A11.E4,Дополнительные phi-only strict варианты (causal2018) как robustness-check,-,Запуски: experiment_M_phi_only_strict_causal2018_locked_raw_perm1999 и nested_perm1999.,"На holdout 2019 возможен малый положительный gain_phi_vs_lambda, но external 2020 неустойчив (знак/значимость плавают). В канонический блок не включено.",Не пересматривался в gen3,research_programm_summary.csv; clean_experiments/
gen1-2,ATMOSPHERE_EXTENSION,A12.E1,Префинальный halo strict run до корректировки v2,-,Run: experiment_M_halo_boundary_strict_causal2019_train2019_test2020_ext2021 (pre-final) -> v2 (canonical).,"v1 уже положителен (test 0.143558 / external 0.099674), но в каноне зафиксирован corrected v2 для единообразия feature-пайплайна.",Не пересматривался в gen3,research_programm_summary.csv; clean_experiments/
gen3,B1,B1,Λ_b отслеживает истинный межмасштабный поток энергии,"ERA5 850гПа u,v 0.25° 6ч; 2 региона × 4 окна 2017-2019",Истинный поток Жермано-Алюи (DNS-валидация) против Λ и 4 суррогатов; сырые статистики; фикс. знак; фазовые нули,NEGATIVE: Λ R²=0.002-0.007 против 0.35-0.47 у Смагоринского; прокси A15 сам не поток (R²=0.01-0.02),Стоит; основание ретракции A15/T20,results/experiment_B1_true_flux_baselines/
gen3,B2,B2,Профиль межмасштабной связи конвертов P — региональная сигнатура (1-й заход),"ERA5 850гПа u,v 0.25° 6ч; 4 региона × 4 окна",Октавные конверты вихря; ранговая связь соседних октав; классификация/Спирмен-кластеризация,NEGATIVE формально: обе метрики дефектны (потолок бейзлайна; вырожденный Спирмен); эксплораторно сигнал силён,Заменён B2b,results/experiment_B2_scale_irreversibility/
gen3,B2b,B2b,P — региональный инвариант на held-out данных,"ERA5 850гПа u,v 0.25° 6ч; 8 НОВЫХ регионов × 2021-22 (32 окна)",Исправленные метрики: дистанционная кластеризация + спектральная резидуализация; преregистрировано,POSITIVE: сигнатура p=0.001; сверх спектра p=0.029,Сигнатура стоит (реплицирована B8); «сверх спектра» условен после контроля геометрии (p=0.10),results/experiment_B2b_heldout_invariants/
gen3,B3,B3,P против скаттеринг-статистик (позиционирование новизны),"ERA5 850гПа u,v 0.25° 6ч; 12 регионов × 2023-24 (48 окон)",Двусторонняя LOO-PCA резидуализация P против 21 скаттеринг-признака,NOVEL: P сверх скаттеринга p=0.026; скаттеринг сверх P p=0.001; взаимодополнительны,Стоит с оговоркой обменности (p маргинален); якорная форма — основная,results/experiment_B3_scattering_benchmark/
gen3,B3,E1,Связка с семифрактальными признаками Кренке-Пузаченко,из B3,Излом степенного спектра + субгармоники остатков; резидуализация P на F_frac,P не объясняется семифрактальными признаками (p=0.001); изломы 141-225 км стабильны,Стоит,results/experiment_B3_scattering_benchmark/e1_semifractal.json
gen3,B4,E2,"Кривизна как дескриптор (эксплорация, объявлена)",из B3,"‖F‖, Λ со знаком, |Λ| — кластеризация, сверх спектра, сверх P",‖F‖ и |Λ| сильны; Λ со знаком мертва (p=0.7),Мотивировала B4,results/experiment_B3_scattering_benchmark/e2_curvature_summary.json
gen3,B4,B4,‖F‖ — региональный инвариант сверх спектра и P,"ERA5 850гПа u,v 0.25° 6ч; curvature-naive годы 2017-19+2021-22 (48 окон)",Подтверждение на незатронутых годах; H4a/H4b кластеризации; H4c ковариаты,CONFIRMED: H4a/H4b p=0.001; H4c LOO R²=0.27 p=0.023,"H4a/H4b стоят (устойчивы к геометрии, реплицированы B8); H4c ДЕГРАДИРОВАН до констатации океан/суша (джекнайф)",results/experiment_B4_curvature_invariant/
gen3,B5,B5c,Интегрируемость связности (согласованность путей время×масштаб),B4-набор,Расхождение путей против фазового нуля,PASS 48/48 против пространственного фазового нуля,РЕТРАГИРОВАН: корректный темпоральный нуль → 7/48; тест мерял автокорреляцию (ошибка конструкции нуля),results/experiment_B5_gauge_structure/
gen3,B5,B5c-retest,"Ретест интегрируемости с нулём, сохраняющим временной спектр",B4-набор,Помодовая временная фазовая рандомизация коэффициентов,FAIL 7/48 — интегрируемость не подтверждена,Основание ретракции B5c,results/experiment_B5_gauge_structure/b5c_retest_summary.json
gen3,B5,B5b,Универсальный ковариатный закон формы (коллапс),профили B3+B4,log‖F‖ ~ CAPE+суша+орография+офсеты полос; сжатие кластеризации остатков,"FAIL: R²=0.58 (уровень), форма не коллапсирует",Стоит,results/experiment_B5_gauge_structure/b5b_collapse.json
gen3,B5,B5a,Локальный мгновенный источник кривизны (осадки),b2b ветер + осадки ERA5 (32 окна),"Тайлы 3×4; Спирмен (тайл,t); блочные перестановки; центроиды",FAIL 0/32 (медианный ρ=-0.04),Стоит,results/experiment_B5_gauge_structure/b5a_source.json
gen3,B5,B5d,Инвариантность к уровню (500 гПа),"ветер 500 гПа, 24 окна",Полный ‖F‖-пайплайн на 500 гПа; межуровневый Спирмен,FAIL: сигнатура p=0.18; межуровневая ρ=0.43 p=0.17,Стоит (850-специфичность),results/experiment_B5_gauge_structure/b5d_level500.json
gen3,B6,E6,Заряд-разряд: три постановки тайлов кривизна-осадки (эксплорация),b2b + осадки,A1 климатология; A2 лаги; A3 режимное сглаживание,A3: антикорреляция 29/32; A2: рост с лагом до 2 сут,ПЕРЕИНТЕРПРЕТИРОВАН: ~половина — память W=20 оценивателя; сроки = жизненный цикл CAPE (Masunaga 2012),results/experiment_B5_gauge_structure/e6a_tile_formulations.json
gen3,B6,B6a,Динамическое уравнение источника-стока dC=a+αE-βR-γC,b2b ветер+осадки+CAPE 6ч (32 окна),"Тайловые ряды; фит R5-R8, валидация R9-R12; преregистрировано","FAIL: β>0 в 13/16, но α>0 лишь 4/16; held-out 7/16; 1/γ≈2 сут ≈ память окна",Динамика не установлена,results/experiment_B6_source_sink/b6a_source_sink.json
gen3,B6,B6b,"Драйвер моды ρ₅ (широта, сдвиг 850-500)",профили + wind500,"LOO-регрессия ρ₅ на [|широта|, сдвиг]; расширенная таблица",FAIL: LOO R²=-0.62 p=0.65; одиночные предикторы незначимы,Драйвер не найден,results/experiment_B6_source_sink/b6b_rho5_driver.json
gen3,B6,N1,Коллапс перекладкой лестницы на характерную шкалу,профили B3 + изломы E1,Ось ℓ/L_break и ℓ/L_Россби; интерполяция; кластеризация,Частично: L_break снимает 23% сигнатуры; Россби — антиколлапс,Стоит как частичный результат,скрипты gen3
gen3,B6,N4,Подпись — артефакт зональной полосчатости?,b3 ветер,Удаление зонального среднего до октав; пересчёт P,НЕТ: чистка УСИЛИВАЕТ сигнатуру (1.47 против 1.20),Стоит,results/experiment_B6_source_sink/n4_zonal_removed.json
gen3,B6,N2,Влагоперенос (IVT) упрощает профиль до простой кривой?,IVT ERA5 12 регионов × W9-W10,Профиль на curl(IVT); сравнение кластеризаций,НЕТ: IVT-профили кластеризуются сильнее (0.91 против 0.73),Стоит,results/experiment_B6_source_sink/b6n2_ivt_summary.json
gen3,B7,B7,Инварианты несут информацию о невязке влагобюджета,ERA5 TCWV+E+P+IVT+ветер; 24 окна 2023,r(t)=dW/dt+div(IVT)-(E-P); ридж; инкремент сверх бейзлайна out-of-time,NEGATIVE: медианный инкремент -0.018; знаковый тест p=0.92,Исходный вопрос программы закрыт отрицательно,results/experiment_B7_moisture_closure/
gen3,AUDIT,RT,Независимый red-team аудит программы,весь репозиторий,"Проверка постановок, данных, математики; 4 собственных вычислительных контроля","Найдены: дефект нуля 5c (фатально), память оценивателя, базлайн перекрытия октав, хрупкость H4c, конфаунд геометрии","Ремедиация выполнена (ретест 5c, контроль геометрии, якорение)",docs/RECONCILIATION.md
gen3,AUDIT,GEO,Контроль геометрии боксов,профили B3/B4,Резидуализация на [спектр + |широта| + dx + ширина],P: p=0.003→0.100 (деградация «сверх спектра»); ‖F‖: p=0.001→0.001 (устойчив),Ключевой водораздел P против ‖F‖,docs/RECONCILIATION.md
gen3,B8,B8,Межреанализная репликация (MERRA-2),MERRA-2 M2I6NPANA 850гПа; 12 регионов × 2023-24 (48 окон),Разрешённая лестница от 200 км; H8a сигнатура; H8b согласие географии с ERA5,REPLICATED: H8a p=0.001; H8b ρ=0.93 p<1e-4; P тоже p=0.001,"Инвариант атмосферный, не артефакт ERA5; оговорка об общей наблюдательной сети",results/experiment_B8_cross_reanalysis/
gen4,B9,B9,Индекс A предсказывает скорость роста ошибки ансамблевого прогноза,"NOAA GEFS v12 + ERA5, 39 областей","Фаза 9, протокол заморожен 2026-08-15",—,ОТРИЦАТЕЛЬНО: знак противоположен (-0.25/-0.32); рост ошибки определяется бароклинностью (+0.86 с |широтой|); плацебо дисперсии полосы 0.81,results/experiment_B9_predictability/
gen4,B10,B10,Индекс A предсказывает уровень мезомасштабной ошибки анализа,"GEFS/GDAS анализ + ERA5, 27 новых доменов решётки","Фаза 10, протокол заморожен 2026-08-15",—,"ОТРИЦАТЕЛЬНО: сырые +0.34/+0.40, после контролей -0.19/-0.005; внутридоменное плечо меняет знак; плацебо -0.87",results/experiment_B10_irrecoverability/
gen4,B11,B11,Индекс A предсказывает потерю мезомасштаба нейросетевыми моделями прогноза,"WeatherBench 2: GraphCast, Pangu, GenCast, HRES, ERA5","Фаза 11, протокол заморожен 2026-08-15",—,"ОТРИЦАТЕЛЬНО для A (после контролей -0.08, плацебо -0.69). ПОЛОЖИТЕЛЬНО как самостоятельный результат: дефицит 69/55/85 % у систем условного среднего против ~0 % у HRES и одиночной генеративной выборки",results/experiment_B11_learned_refinement/
gen4,B12,B12,Индекс A есть добросовестная оценка межуровневой невосстановимости,"Синтетические поля с заданной невосстановимостью + ERA5, 39 доменов","Фаза 12, протокол заморожен 2026-08-16",—,"ОЦЕНЩИК НЕВАЛИДЕН: A не реагирует ни в пространственном (-0.32), ни в модальном (-0.35) прочтении; следует за временной автокорреляцией (1.00 синтетика, +0.53 реальные). ИНТЕРПРЕТАЦИЯ A ОТОЗВАНА. P на той же лестнице -0.883, эталон u +0.917",results/experiment_B12_estimator_validity/
gen4,B13,B13,География дескрипторов сохраняется без усвоения наблюдений,"CMIP6 HighResMIP highresSST-present, ECMWF-IFS-HR, 39 доменов","Фаза 13, протокол заморожен 2026-08-16",—,"АТМОСФЕРНО: P 0.71 (потолок 0.93), A 0.90 (0.90), u 0.77 (0.81), персистентность 0.98 (0.98), все p=0.001. Конфаунд наблюдательной сети ЗАКРЫТ",results/experiment_B13_free_running/
