model,perm_id,stat_perm_median_gain
horizontal,0,0.0012743915333251312
horizontal,1,-0.0001213619002626641
horizontal,2,-0.0019000513319752913
horizontal,3,-0.0015433406959339125
horizontal,4,0.0002981749324592839
horizontal,5,0.00017143430252302078
horizontal,6,-0.0007414595148111443
horizontal,7,-0.0006612960669311037
horizontal,8,-0.0002939544286278189
horizontal,9,-0.00038508377955988435
horizontal,10,-1.2125256848126565e-05
horizontal,11,0.0006394254795654339
horizontal,12,-0.0010361898816469797
horizontal,13,-0.0007981165609710014
horizontal,14,-3.325992488729319e-05
horizontal,15,0.0003301870899085051
horizontal,16,-0.000180405679696327
horizontal,17,-1.806439396294552e-05
horizontal,18,-0.0009145792725689081
horizontal,19,-0.00045983124786371085
horizontal,20,-0.0001558161976081889
horizontal,21,-0.0006106570927155646
horizontal,22,0.00021314844220651948
horizontal,23,-0.00025641731069253647
horizontal,24,-8.424388776209302e-05
horizontal,25,-0.0006082518284339171
horizontal,26,-4.896266636144437e-05
horizontal,27,-8.384954713339565e-05
horizontal,28,0.0019296960527345499
horizontal,29,-0.00046537549625122606
horizontal,30,0.0003984339381701514
horizontal,31,0.0005905679448360262
horizontal,32,0.0011008383293155636
horizontal,33,0.00039387076152375437
horizontal,34,0.000512642646133552
horizontal,35,0.0005825631108477079
horizontal,36,-0.0005087780776718484
horizontal,37,4.855813150398078e-05
horizontal,38,-0.0016412423468688893
horizontal,39,0.0003040633090335802
horizontal,40,0.0015561622074776575
horizontal,41,-0.0008351657771145548
horizontal,42,0.00041922586816539066
horizontal,43,0.0020647394101555886
horizontal,44,0.001813435488036276
horizontal,45,0.001274816971624392
horizontal,46,0.00032310738928899947
horizontal,47,-0.00041674428173127083
horizontal,48,-0.002013243504190904
horizontal,49,-0.0006675736769299883
horizontal,50,0.000238158396088651
horizontal,51,0.0011169154298450294
horizontal,52,-0.00023199906895369712
horizontal,53,0.00026357968141882616
horizontal,54,0.00018895692773756006
horizontal,55,0.0005008443724317525
horizontal,56,-0.0006465581572213528
horizontal,57,0.0029730793466304457
horizontal,58,-0.0007161878325707532
horizontal,59,-0.0013781821914636639
horizontal,60,-0.00021228872581316427
horizontal,61,-0.0008848307734659929
horizontal,62,0.00010621293022932325
horizontal,63,-0.0005563517920287844
horizontal,64,-1.2834757838150438e-05
horizontal,65,-1.9849386249455982e-05
horizontal,66,0.0006046602881936346
horizontal,67,-0.0003269073334471344
horizontal,68,-0.00032040924471271544
horizontal,69,-0.0007688519380177124
horizontal,70,0.000274730883675999
horizontal,71,-1.9116666498780975e-05
horizontal,72,0.0008193626644808028
horizontal,73,-0.0003176863503016029
horizontal,74,-2.5718958619367832e-05
horizontal,75,-0.00029454847970752164
horizontal,76,-0.001060692311676343
horizontal,77,-8.182659713889278e-05
horizontal,78,7.361656977683527e-05
horizontal,79,-0.0009963074150246168
horizontal,80,-0.0003144709528022212
horizontal,81,-0.00018172092449899755
horizontal,82,0.0003231718970968169
horizontal,83,-0.00010779341222775412
horizontal,84,0.0009174609958767746
horizontal,85,-0.0004388262102508775
horizontal,86,0.00019456018661640734
horizontal,87,-4.963854787082186e-05
horizontal,88,0.00011647012799796477
horizontal,89,0.001579601631897624
horizontal,90,-3.367739384801201e-05
horizontal,91,0.000494387049300686
horizontal,92,0.0006684097880481042
horizontal,93,-0.0008372304786713025
horizontal,94,0.00022709103196023552
horizontal,95,-0.00023763807421880122
horizontal,96,-0.0006619425405254352
horizontal,97,-0.0003402692336878823
horizontal,98,-0.0006138671124622274
horizontal,99,-0.0008127302745894662
horizontal,100,-0.00044923684095877147
horizontal,101,0.0007447866993394987
horizontal,102,0.0029984905819330178
horizontal,103,-0.0001306295971675796
horizontal,104,-0.0008299638336074898
horizontal,105,0.000686285137779214
horizontal,106,-0.0007288685910892906
horizontal,107,0.0005996907863480622
horizontal,108,-0.0004473219753786706
horizontal,109,0.00037842270509736694
horizontal,110,1.4548176815061897e-05
horizontal,111,0.00017184242841460946
horizontal,112,-8.401040356864243e-05
horizontal,113,-0.00021311502659741085
horizontal,114,-0.0004302934137913357
horizontal,115,0.000687810754365937
horizontal,116,0.001735679731006168
horizontal,117,0.0008121266804325411
horizontal,118,-7.484506559519798e-05
horizontal,119,-0.0007921233243636524
horizontal,120,-5.661543830380407e-05
horizontal,121,0.00022602517279291895
horizontal,122,-0.0005744827335383931
horizontal,123,0.0016999502350808892
horizontal,124,-0.0005703305613529819
horizontal,125,-0.00016503843717294184
horizontal,126,-0.0008145602896039768
horizontal,127,-0.0002984227643458189
horizontal,128,-0.0015301953963661801
horizontal,129,0.0006402567611386953
horizontal,130,0.00014145431283908082
horizontal,131,0.00046096600343099083
horizontal,132,-0.0006105505016462116
horizontal,133,0.00018995848542091082
horizontal,134,-0.0003731437765743048
horizontal,135,5.591949529575543e-05
horizontal,136,-6.869670719581141e-05
horizontal,137,-0.0005709903176102223
horizontal,138,1.3507834769759791e-05
horizontal,139,-0.00016691562511006425
horizontal,140,7.098052318182738e-05
horizontal,141,-1.5217344245011444e-05
horizontal,142,3.301720496964595e-05
horizontal,143,0.0005604011368761324
horizontal,144,-0.00042478647794401485
horizontal,145,-0.0010593845047469207
horizontal,146,-0.0002398960501003128
horizontal,147,-0.0008070070440888345
horizontal,148,-0.00018784033828160297
horizontal,149,-0.0005898573743605111
horizontal,150,-0.00029328913302187375
horizontal,151,0.00010611555928614017
horizontal,152,0.000203535760245976
horizontal,153,-0.0003292528397331748
horizontal,154,-0.0002952122869195422
horizontal,155,-0.000157242259699467
horizontal,156,-0.0008698642318570075
horizontal,157,0.0011725486210894262
horizontal,158,0.0011329842337510438
horizontal,159,-0.0002266482999132174
horizontal,160,-2.8083412884998132e-05
horizontal,161,-2.890649897014577e-05
horizontal,162,0.00018512357202222436
horizontal,163,-0.0003372013523797308
horizontal,164,0.0017700214426493764
horizontal,165,-0.001106469622025283
horizontal,166,1.44284525306004e-06
horizontal,167,-0.00020152974565437195
horizontal,168,0.0002585371780520414
horizontal,169,0.0014296929433534125
horizontal,170,-0.00014378800610516637
horizontal,171,0.0007188528521443368
horizontal,172,-0.0006251755433873526
horizontal,173,-0.00017489939203262919
horizontal,174,0.0001587833280867419
horizontal,175,0.0016558220782978022
horizontal,176,-0.0008657236561961492
horizontal,177,-7.173435302242355e-05
horizontal,178,-0.0003474788274289146
horizontal,179,-0.0008762333788511095
horizontal,180,-9.346419483447253e-05
horizontal,181,0.003382683226693304
horizontal,182,0.0002976893443557083
horizontal,183,-0.000302668272242864
horizontal,184,0.002238920178938228
horizontal,185,-0.00040876459864679906
horizontal,186,0.00015479257557986839
horizontal,187,-0.0004677321246218211
horizontal,188,0.0013145201905726107
horizontal,189,-0.00020924331163857138
horizontal,190,-0.0005722281500421534
horizontal,191,8.806728422369523e-05
horizontal,192,0.0025985645050613064
horizontal,193,0.0009339100430928089
horizontal,194,-8.434430653511086e-05
horizontal,195,-0.0002130676333902672
horizontal,196,-3.118043435571428e-05
horizontal,197,0.0026242502627763587
horizontal,198,-0.0011950899863060237
horizontal,199,0.0008077349179353907
horizontal,200,2.6445092849568036e-05
horizontal,201,-0.00045122850004693834
horizontal,202,0.00020895241067328259
horizontal,203,-0.0007472070237674884
horizontal,204,-0.00047348860157285
horizontal,205,-0.00024861301741405166
horizontal,206,-0.0005389357461956238
horizontal,207,-0.0001520215917212651
horizontal,208,0.0007375069905124154
horizontal,209,-0.00030242429615848275
horizontal,210,0.0005329640472408414
horizontal,211,0.000798534322924998
horizontal,212,-0.0001192548997404564
horizontal,213,0.0015644338531001108
horizontal,214,-0.00043033212639001826
horizontal,215,0.0022708412387685882
horizontal,216,0.0004009417290284651
horizontal,217,0.0006862555488571867
horizontal,218,-0.00020203767232185204
horizontal,219,-0.0003447657053600606
horizontal,220,3.888276061776366e-05
horizontal,221,0.0002508917374739448
horizontal,222,0.0015661792185761411
horizontal,223,-0.00011061914816107098
horizontal,224,0.006384400222893825
horizontal,225,-0.0005226103316837979
horizontal,226,0.0005685007661795261
horizontal,227,0.0001548466879306023
horizontal,228,-0.0006572881892223819
horizontal,229,-3.685412074763598e-05
horizontal,230,0.0033998206966777667
horizontal,231,-0.0002813661668454525
horizontal,232,-0.0005878056296699232
horizontal,233,0.0002993948573196985
horizontal,234,-0.00034562363578956247
horizontal,235,-0.0008221923879884639
horizontal,236,0.0004451141410325765
horizontal,237,0.000514103054297664
horizontal,238,-0.00032634596848358805
horizontal,239,-0.0007272855501476196
horizontal,240,0.001737503754102043
horizontal,241,0.0005010178240454178
horizontal,242,0.0010978919308337065
horizontal,243,0.00018001134714024376
horizontal,244,-8.962115902529787e-05
horizontal,245,-0.0003088172176589054
horizontal,246,0.0019288583072122945
horizontal,247,1.0700201100137591e-05
horizontal,248,0.0002210093603259732
horizontal,249,-0.0004989373891222333
horizontal,250,0.0005451791941157341
horizontal,251,-0.0002547373460257504
horizontal,252,-0.000269721563773687
horizontal,253,0.0007704342305527954
horizontal,254,-5.0818803285431445e-05
horizontal,255,0.0007310189022216376
horizontal,256,0.0002396082548800022
horizontal,257,-6.099972712906535e-07
horizontal,258,1.2774514705145689e-05
horizontal,259,3.1164343340639883e-05
horizontal,260,0.0016430874732799039
horizontal,261,-0.0002905686154105193
horizontal,262,-0.0008094574039555608
horizontal,263,5.603488673031864e-05
horizontal,264,-0.0003334703868951153
horizontal,265,8.738977789650741e-05
horizontal,266,7.270325064695141e-05
horizontal,267,-0.00022841455873697254
horizontal,268,5.0126382278948406e-05
horizontal,269,-0.00013091824884098473
horizontal,270,-0.0007967769690646582
horizontal,271,-0.00036393443250290204
horizontal,272,-0.0023283876972138608
horizontal,273,0.0010370316721715843
horizontal,274,-9.931772058767105e-05
horizontal,275,-0.00021880631660840897
horizontal,276,-0.0009853048539664095
horizontal,277,4.1640723132195116e-05
horizontal,278,-0.0005380093527380934
horizontal,279,-0.00014907631013692883
horizontal,280,-0.0006484052447707063
horizontal,281,0.0004086440873595317
horizontal,282,0.00036024022660753846
horizontal,283,-8.187248112787785e-05
horizontal,284,-0.0010289407871516103
horizontal,285,9.621359049074516e-05
horizontal,286,0.0007297485300184147
horizontal,287,-0.0002396330094495354
horizontal,288,-0.0007009142367974386
horizontal,289,-0.0005160059991030766
horizontal,290,0.0003679508493233429
horizontal,291,0.0012743398073838286
horizontal,292,-0.000265682099357818
horizontal,293,-8.924694580212602e-05
horizontal,294,-0.000675839034158222
horizontal,295,-7.476189870306016e-05
horizontal,296,1.0040794448944624e-06
horizontal,297,-0.0009912669500361144
horizontal,298,0.0004215353428233246
horizontal,299,0.0006680443152729388
horizontal,300,-0.00044797311013127015
horizontal,301,0.0014781167686761228
horizontal,302,0.0008362160882079978
horizontal,303,0.0009731300265981459
horizontal,304,-0.00018800220820579282
horizontal,305,0.0011611341556259146
horizontal,306,0.00022320480292906526
horizontal,307,-0.00023442430709265703
horizontal,308,9.846131006256562e-05
horizontal,309,0.0018199164602711584
horizontal,310,-7.486348585794134e-05
horizontal,311,-0.0005255660556935146
horizontal,312,-1.883787607513973e-06
horizontal,313,-0.0003456769234147073
horizontal,314,2.718389423363497e-06
horizontal,315,-7.868425953207021e-05
horizontal,316,-0.00025785712053582135
horizontal,317,0.0002734894384281026
horizontal,318,-0.0012564710996912742
horizontal,319,-0.0009064224965807466
horizontal,320,2.653572741269669e-05
horizontal,321,0.0009167919104290832
horizontal,322,-0.00086141220967073
horizontal,323,-9.048895401364137e-06
horizontal,324,-0.0002779834829191204
horizontal,325,-0.0004726769531112582
horizontal,326,-0.00047395165864378596
horizontal,327,-0.00032509240656471486
horizontal,328,-3.1976342289538856e-05
horizontal,329,0.001986842753987864
horizontal,330,8.321313207213173e-06
horizontal,331,-0.0003595948635027377
horizontal,332,0.00015735827109492995
horizontal,333,0.001170930781484572
horizontal,334,6.413750179156975e-05
horizontal,335,-0.00014901961802127957
horizontal,336,-0.0006312490693369464
horizontal,337,0.00023985389041345303
horizontal,338,0.0010086462433448902
horizontal,339,-0.00015072910528832775
horizontal,340,-0.00013238046487818898
horizontal,341,4.4114914481176214e-05
horizontal,342,-0.00039005575744503274
horizontal,343,-0.0008675466492605007
horizontal,344,-4.916708852968415e-05
horizontal,345,0.00012995061686752818
horizontal,346,0.0018052051537551946
horizontal,347,0.0002378099000852418
horizontal,348,-0.0011113651400414149
horizontal,349,0.00021584437780054568
horizontal,350,-0.0003987364773055285
horizontal,351,-0.00016788953788882832
horizontal,352,-0.00025637157463173437
horizontal,353,-6.975527463402173e-05
horizontal,354,0.0013088335925339706
horizontal,355,-0.00031077573533289126
horizontal,356,0.0019842207850783583
horizontal,357,0.0008931770797701225
horizontal,358,0.00022927984247954222
horizontal,359,-0.0006357186403511442
horizontal,360,-0.0001333978642306451
horizontal,361,-0.0004658766493113466
horizontal,362,-0.0008792625301641884
horizontal,363,0.0007419261277832486
horizontal,364,-0.0006474737194611539
horizontal,365,0.0031599280651548227
horizontal,366,-0.00027415700443850276
horizontal,367,-9.421443004999105e-05
horizontal,368,-0.00043298777351842435
horizontal,369,0.0008186760990856619
horizontal,370,-0.00013372574712673888
horizontal,371,-0.000490604385227568
horizontal,372,-6.640500796137528e-05
horizontal,373,0.00039555699870108497
horizontal,374,-0.0003013150387198213
horizontal,375,0.0004922267786446016
horizontal,376,0.0005269080723402671
horizontal,377,0.005203788513093725
horizontal,378,-0.002352148742251663
horizontal,379,-0.0004629873240927039
horizontal,380,-0.0010231426812684144
horizontal,381,-0.0008505349012841326
horizontal,382,-0.0006151943587240243
horizontal,383,-0.0005169007138008722
horizontal,384,-0.001403524174842141
horizontal,385,-0.00012123803416555533
horizontal,386,0.00010474836064112564
horizontal,387,-3.132164307596434e-05
horizontal,388,-7.668048066577841e-05
horizontal,389,0.0016024291329158255
horizontal,390,-0.0006177836029490956
horizontal,391,0.0012515197503456797
horizontal,392,0.0005827988966994222
horizontal,393,-0.0003740483912171814
horizontal,394,2.158273466035837e-05
horizontal,395,-0.00012310467959891552
horizontal,396,-0.00042397604726816264
horizontal,397,0.0005172727787097512
horizontal,398,-0.0008599175039436599
horizontal,399,-0.00046691089606127847
horizontal,400,-0.0008231774202352507
horizontal,401,0.0003042174203148229
horizontal,402,0.0013039837852685458
horizontal,403,-0.0003994760782417948
horizontal,404,1.6497499635070094e-05
horizontal,405,-0.0010284025532148093
horizontal,406,-4.034676906349902e-05
horizontal,407,0.000697661203120357
horizontal,408,0.00011726014331204405
horizontal,409,-8.21362832508256e-05
horizontal,410,0.0016279918435296776
horizontal,411,-0.00046666937674035795
horizontal,412,-0.0002509997131134198
horizontal,413,0.0006323754769524058
horizontal,414,-0.0001366142398996871
horizontal,415,-0.002541088137598083
horizontal,416,0.0015967966801154977
horizontal,417,0.0008055970793041822
horizontal,418,0.0005860158034019921
horizontal,419,-0.00010061897777967119
horizontal,420,-0.0005213203670070477
horizontal,421,-0.0007185307752098293
horizontal,422,-0.0002394154955109896
horizontal,423,-4.564117502633797e-05
horizontal,424,-0.00015919119784828603
horizontal,425,0.00019791433023772528
horizontal,426,-0.0006196722968467999
horizontal,427,-0.0016744738114983092
horizontal,428,-0.0002925494576084984
horizontal,429,-0.00018908797175852933
horizontal,430,-0.00034875737543269193
horizontal,431,0.0004426772694909749
horizontal,432,0.0008461955800815291
horizontal,433,-0.00015518890099402164
horizontal,434,-0.0002932173986366131
horizontal,435,0.0012710325805962812
horizontal,436,-0.0007347063638824017
horizontal,437,-5.103471654841808e-05
horizontal,438,-0.0010144442469407918
horizontal,439,0.0034195532018061964
horizontal,440,-0.00010472668922053716
horizontal,441,-7.896668104689778e-05
horizontal,442,-1.2112438511221485e-05
horizontal,443,0.000862068931924318
horizontal,444,0.00015270460677881164
horizontal,445,-0.001165933688930143
horizontal,446,0.0002259117322172988
horizontal,447,-0.0007532947890668976
horizontal,448,-0.0002664958790692847
horizontal,449,0.0013091932066349285
horizontal,450,0.0002946642362896223
horizontal,451,-0.0008937709781622957
horizontal,452,0.0012285679732008602
horizontal,453,-0.0019962599646017737
horizontal,454,-0.0006616891465606402
horizontal,455,-0.0005598559700364727
horizontal,456,-0.0003621091287320876
horizontal,457,-0.000929614680220845
horizontal,458,-2.7446983471862685e-05
horizontal,459,-0.00010124503383311038
horizontal,460,-0.0010163679090364117
horizontal,461,0.00027638553201021277
horizontal,462,0.0007154368520068593
horizontal,463,-0.000193168809967452
horizontal,464,-0.0002036648361856303
horizontal,465,-2.8483831504356225e-05
horizontal,466,-0.0001571754017963198
horizontal,467,0.0006173881017446613
horizontal,468,7.432479927759423e-05
horizontal,469,0.0009740791542063291
horizontal,470,0.0004924765377675213
horizontal,471,-0.0003506775747025863
horizontal,472,-5.048779633706749e-05
horizontal,473,-0.0005368976437755108
horizontal,474,8.1312208613901e-05
horizontal,475,0.002057309858394666
horizontal,476,-0.00032334697370329997
horizontal,477,-0.00010260485355203391
horizontal,478,-0.00015439565410361666
horizontal,479,-0.0008611207792881616
horizontal,480,-8.232234974097814e-05
horizontal,481,4.2146546671323063e-05
horizontal,482,-0.00019311635493381778
horizontal,483,-6.830712432970201e-06
horizontal,484,-0.0009349503081987902
horizontal,485,9.090583359634211e-05
horizontal,486,0.0006393940031028526
horizontal,487,-0.0007108365859505481
horizontal,488,3.051502525804937e-05
horizontal,489,0.0004425098742406791
horizontal,490,-0.0001238354065713495
horizontal,491,-0.0019129161959371768
horizontal,492,-0.0010580419813810442
horizontal,493,-0.0010554700817093283
horizontal,494,-0.0005590243140034109
horizontal,495,-0.0002737356294957789
horizontal,496,-0.000571383287748126
horizontal,497,-0.0005596593806523955
horizontal,498,-0.00018982543759244372
horizontal,499,0.0002646896604763675
vertical,0,0.0011344892279866391
vertical,1,-0.0002819462144049667
vertical,2,-0.0014424772101510465
vertical,3,-0.0015321869651576403
vertical,4,0.00012203076460961691
vertical,5,0.0002352123586656118
vertical,6,-0.0008006858502830794
vertical,7,-0.0006827587237468074
vertical,8,-0.0002513462996118149
vertical,9,-0.00035572913053636714
vertical,10,7.081019671446718e-06
vertical,11,0.0004022468963308139
vertical,12,-0.0008339769479057839
vertical,13,-0.0009431799250497884
vertical,14,1.5804368530555424e-06
vertical,15,0.00033776029503220683
vertical,16,-0.00013142053191794403
vertical,17,-4.2522445987332226e-05
vertical,18,-0.0009427687008586756
vertical,19,-0.0005871438489690759
vertical,20,-0.0001638731856405648
vertical,21,-0.0003542257965243855
vertical,22,0.000175052317233487
vertical,23,-0.00033940562145530777
vertical,24,-0.00019713610026359673
vertical,25,-0.0005496804830391304
vertical,26,2.2176423407861166e-05
vertical,27,-0.0001362269752138669
vertical,28,0.0014843966178597146
vertical,29,-0.0003471159032138824
vertical,30,0.0005926591561676254
vertical,31,0.0005836821163214352
vertical,32,0.0009123488123411003
vertical,33,0.0005667539845066372
vertical,34,0.0003979585817275185
vertical,35,0.00048526589264666006
vertical,36,-0.0004257621972855198
vertical,37,0.00012461770698240577
vertical,38,-0.0013897340391241836
vertical,39,0.00023301108482206336
vertical,40,0.00155936030503758
vertical,41,-0.0009110157810791289
vertical,42,0.000505050754588043
vertical,43,0.0021245751612651
vertical,44,0.0022010008385266147
vertical,45,0.0013569775269690978
vertical,46,0.0002184463704200764
vertical,47,-0.0004202359686705098
vertical,48,-0.0018887501930563775
vertical,49,-0.00027357997335765563
vertical,50,0.00017806692269301642
vertical,51,0.0011690203104362013
vertical,52,-0.0004060482444274041
vertical,53,0.00035949619870564255
vertical,54,0.0002558325815979833
vertical,55,0.0003620663338578492
vertical,56,-0.0006461080903352374
vertical,57,0.0032259987936557035
vertical,58,-0.0008373252832698734
vertical,59,-0.0013314117916483194
vertical,60,-0.00033460538039488787
vertical,61,-0.0010067367583624577
vertical,62,-3.0231652901520533e-05
vertical,63,-0.0006810471870191191
vertical,64,-8.166131548879401e-05
vertical,65,-0.00019887157468586003
vertical,66,0.0007524954651091736
vertical,67,-0.0003535180816037001
vertical,68,-0.0002393411074560322
vertical,69,-0.0007708194857807846
vertical,70,-2.5337393441471424e-05
vertical,71,-7.476704448188342e-05
vertical,72,0.0007070097722055989
vertical,73,-0.00038890631181566715
vertical,74,-0.00012801362039204563
vertical,75,-0.0004517048400602238
vertical,76,-0.0008646096570412425
vertical,77,-7.922997463370753e-05
vertical,78,-4.614410795757376e-05
vertical,79,-0.0013163445363075755
vertical,80,-0.0003218462241789009
vertical,81,-0.00021919762182510144
vertical,82,0.0003029632169993002
vertical,83,2.5930617268120218e-05
vertical,84,0.0010394860157321606
vertical,85,-0.0004598737160397167
vertical,86,0.00021104281151934962
vertical,87,-7.70091063016267e-06
vertical,88,0.00014420067020989654
vertical,89,0.0018004159049183925
vertical,90,-1.880433803142042e-05
vertical,91,0.00045410669392122454
vertical,92,0.00048056488299813474
vertical,93,-0.000612200577450352
vertical,94,-8.690504010423685e-05
vertical,95,-0.0003498398224620207
vertical,96,-0.0007279197828397096
vertical,97,-0.00040837094850365715
vertical,98,-0.00044115366839499615
vertical,99,-0.0009795910509068065
vertical,100,-0.0005556095363092959
vertical,101,0.0005649860376169594
vertical,102,0.00314769295891365
vertical,103,-0.00010307415814531336
vertical,104,-0.0007781266117467519
vertical,105,0.0008903852352689659
vertical,106,-0.0006631450988049988
vertical,107,0.0004836000831736755
vertical,108,-0.00040338307852642077
vertical,109,0.00028035023990037133
vertical,110,-5.423359530602349e-05
vertical,111,0.0004945292814155955
vertical,112,-0.00013872358002604002
vertical,113,-0.0008574765305483116
vertical,114,-0.0004161430525231095
vertical,115,0.00042895042248803413
vertical,116,0.00141134608800566
vertical,117,0.0009029959840108005
vertical,118,-4.836557266224636e-05
vertical,119,-0.0007035974309626428
vertical,120,-0.00010973742594094462
vertical,121,2.5558073918083556e-05
vertical,122,-0.0005544667146112812
vertical,123,0.001578985503359655
vertical,124,-0.0004809741859509003
vertical,125,-0.00012140758653606962
vertical,126,-0.0009072411379015936
vertical,127,-0.0003257064891014697
vertical,128,-0.0016130232933476646
vertical,129,0.0007121272110200572
vertical,130,3.42854397905644e-05
vertical,131,0.0005645049029566974
vertical,132,-0.0003165452549385772
vertical,133,0.0002389455632785215
vertical,134,3.5587939191575026e-05
vertical,135,6.46952336666395e-05
vertical,136,-4.171125408843013e-05
vertical,137,-0.0005111260321833544
vertical,138,-7.153915146246627e-05
vertical,139,-0.0001005513952115731
vertical,140,-0.0001421778506903016
vertical,141,-0.00028099880083394676
vertical,142,-2.8681635953067394e-05
vertical,143,0.00036783707611441445
vertical,144,-0.0006752344868328034
vertical,145,-0.0012167860128641087
vertical,146,-0.00040876024475865376
vertical,147,-0.0007779752116811258
vertical,148,-0.00019669449071507442
vertical,149,-0.0007367515011702192
vertical,150,-0.0002554206848187204
vertical,151,0.00021690823355504648
vertical,152,0.00015874338429065044
vertical,153,-0.00033552388432468033
vertical,154,-0.0005535598287294433
vertical,155,-8.736257572853132e-05
vertical,156,-0.0008504263099575889
vertical,157,0.0010587151299373018
vertical,158,0.0009546222396874433
vertical,159,-0.0002060896385874834
vertical,160,-5.1448982194474274e-06
vertical,161,4.1327970517523334e-05
vertical,162,0.0002118637412176796
vertical,163,-0.00037594241467829587
vertical,164,0.0019418927058280871
vertical,165,-0.0010707793892224362
vertical,166,-0.00010389463245910143
vertical,167,-7.206730114480008e-05
vertical,168,9.544051758937554e-05
vertical,169,0.0012523035036868784
vertical,170,-0.00012027098954612336
vertical,171,0.0009706734184367744
vertical,172,-0.0005582219523708763
vertical,173,-0.0002502740167064416
vertical,174,0.0001713024568191137
vertical,175,0.0016113793258413938
vertical,176,-0.0013503903265869852
vertical,177,-0.0002459877321077491
vertical,178,-0.00037779915812552906
vertical,179,-0.0006684406743931452
vertical,180,7.463598127708761e-05
vertical,181,0.0032141096546716656
vertical,182,0.00031659605106343033
vertical,183,-0.0002521470152599517
vertical,184,0.002117603337087651
vertical,185,-0.00031421982970773104
vertical,186,-1.2037575062382133e-05
vertical,187,-0.0006785394568200715
vertical,188,0.0011824385513670716
vertical,189,-0.0002875396844068101
vertical,190,-0.0003136141463038522
vertical,191,6.670851902614213e-05
vertical,192,0.0024831943371069207
vertical,193,0.0008400582272407599
vertical,194,-7.758527931589272e-05
vertical,195,-0.0002103963427983057
vertical,196,-3.5216730525965054e-05
vertical,197,0.003038207780973461
vertical,198,-0.0013830789261695862
vertical,199,0.00089554350063149
vertical,200,0.00012052183750950072
vertical,201,-0.0003449877206000146
vertical,202,0.00015998545110539639
vertical,203,-0.000533523646786619
vertical,204,-0.0004759358808903755
vertical,205,-0.00013891460752851875
vertical,206,-0.0007136845469256003
vertical,207,-0.00021159757733373616
vertical,208,0.0005871750281507732
vertical,209,-0.00037099849260535493
vertical,210,0.0003117238426280794
vertical,211,0.0005099382405546705
vertical,212,3.227339336802705e-05
vertical,213,0.001457211375071708
vertical,214,-0.0004281736614207991
vertical,215,0.002614164795662277
vertical,216,0.0006597008919772245
vertical,217,0.0007498379463973888
vertical,218,-0.0002088781178484573
vertical,219,-0.00031270521621394186
vertical,220,7.327922065360898e-05
vertical,221,0.0004235671149263637
vertical,222,0.0013516743230809272
vertical,223,-0.000147712987422817
vertical,224,0.006745202908925314
vertical,225,-0.0004520389178398737
vertical,226,0.0003782892094737504
vertical,227,8.033908512049411e-05
vertical,228,-0.0005836602107291354
vertical,229,-1.5245893561104082e-05
vertical,230,0.0031387774395164316
vertical,231,-0.0005432761384086658
vertical,232,-0.0006641170494312068
vertical,233,0.0004201640188670183
vertical,234,-0.00029299544520447647
vertical,235,-0.0006312808081205
vertical,236,0.000532897139545805
vertical,237,0.0003814300628800458
vertical,238,-6.585221161108955e-05
vertical,239,-0.0007112873240811466
vertical,240,0.0012725568372566167
vertical,241,0.0007233814544853236
vertical,242,0.0012906539927057831
vertical,243,0.00023577128724269937
vertical,244,-0.0001477870922442641
vertical,245,-0.0004993409208648044
vertical,246,0.002093842202770305
vertical,247,-0.00012402964342785887
vertical,248,8.701661515104139e-05
vertical,249,-0.000645840360344125
vertical,250,0.000511770955106751
vertical,251,-0.00022842610577706633
vertical,252,-0.00034904523493245595
vertical,253,0.0007425766084764372
vertical,254,0.00016710319338191756
vertical,255,0.0005737872743666713
vertical,256,2.435746941246091e-06
vertical,257,1.699154009058447e-05
vertical,258,2.4280604051476988e-05
vertical,259,1.4286816163686295e-05
vertical,260,0.0019379806374386756
vertical,261,-0.0004143745409390138
vertical,262,-0.0006995945990228675
vertical,263,8.436903609605628e-05
vertical,264,-0.00043285446670344134
vertical,265,0.00011677636978560992
vertical,266,0.0001062283646400121
vertical,267,-0.00029994696342416574
vertical,268,3.4558482408673124e-05
vertical,269,-0.00044181280680616634
vertical,270,-0.000638503819436972
vertical,271,-0.00021886452332735607
vertical,272,-0.0015813734492748732
vertical,273,0.001125409354523277
vertical,274,1.085633142321158e-06
vertical,275,-0.0002825597323892479
vertical,276,-0.0009735737991217766
vertical,277,1.0990650102375227e-05
vertical,278,-0.00014721261310466735
vertical,279,-3.010852551064584e-05
vertical,280,1.0290358425240115e-05
vertical,281,0.0004420399178090999
vertical,282,0.00031269823597243997
vertical,283,0.0001307356964268727
vertical,284,-0.0009172553890772133
vertical,285,0.00034880372849510757
vertical,286,0.000909479545376168
vertical,287,-0.00025355781963687753
vertical,288,-0.0008430019994894677
vertical,289,-0.0004703817567377514
vertical,290,0.00029598995832709176
vertical,291,0.0011619385452115573
vertical,292,-0.00035191573108017156
vertical,293,-0.00011027867605095429
vertical,294,-0.0008361339714260676
vertical,295,-7.811062767995984e-05
vertical,296,0.00011892147698901488
vertical,297,-0.000650779979019884
vertical,298,0.0006819270998995302
vertical,299,0.0006412203488957674
vertical,300,-0.000430773394797747
vertical,301,0.0021738036948227924
vertical,302,0.0006055331478502887
vertical,303,0.0011161595865928735
vertical,304,-8.199312107264135e-05
vertical,305,0.001120646146381122
vertical,306,0.0002772191622350073
vertical,307,-0.00024094244049540847
vertical,308,0.00012817258846102185
vertical,309,0.0020993951122267856
vertical,310,-9.15168707563314e-05
vertical,311,-0.0005987003780569646
vertical,312,-4.1524968372970805e-05
vertical,313,-0.00036842440065744213
vertical,314,3.908298968390588e-06
vertical,315,-6.122304249220613e-05
vertical,316,-0.0002398115852347172
vertical,317,0.0003790512792502911
vertical,318,-0.0010710833990705054
vertical,319,-0.0006610037429575337
vertical,320,-3.130700849865834e-05
vertical,321,0.0010206227547246735
vertical,322,-0.0009076449725036627
vertical,323,3.576084304389339e-05
vertical,324,-0.00022904051544446203
vertical,325,-0.00024082906009593037
vertical,326,-0.0004284241591982666
vertical,327,-0.0003225835237681174
vertical,328,-4.3330434780480946e-05
vertical,329,0.002098185936885637
vertical,330,0.00013399090029997217
vertical,331,-0.0005351753602686261
vertical,332,8.272816061712595e-06
vertical,333,0.001209356724369125
vertical,334,0.00015888743530411895
vertical,335,-0.00020956033276303953
vertical,336,-0.0006074308854545787
vertical,337,3.8918080644821e-05
vertical,338,0.0009420317181209341
vertical,339,-0.0002460633595518312
vertical,340,7.058622597539929e-05
vertical,341,4.674858318584979e-05
vertical,342,-0.00031191168892240366
vertical,343,-0.00038746017920377146
vertical,344,-9.07030157131827e-05
vertical,345,0.00014372895406289615
vertical,346,0.001937913691272719
vertical,347,0.0004149378747134723
vertical,348,-0.0011779292805108648
vertical,349,0.0004623667509678369
vertical,350,-0.0007159937957439569
vertical,351,-0.00025722624902650037
vertical,352,-0.00045659316879065136
vertical,353,-2.5682887025053072e-05
vertical,354,0.0017585103283756151
vertical,355,-0.000493703148271042
vertical,356,0.0018090500893083786
vertical,357,0.0006735509748248094
vertical,358,0.00029671045929997235
vertical,359,-0.0006173846719995146
vertical,360,-0.00011752304964644267
vertical,361,-0.0004633112910994833
vertical,362,-0.0010754128360804711
vertical,363,0.0007633090168741403
vertical,364,-0.0007858472536736553
vertical,365,0.0032713486692586722
vertical,366,-0.00015401402001108616
vertical,367,8.594287748575113e-06
vertical,368,-0.0005064411283752768
vertical,369,0.0006723540023357613
vertical,370,-0.00020882814967936944
vertical,371,-0.0005248448593947739
vertical,372,-0.00011908634553827846
vertical,373,0.0003557353780009214
vertical,374,-0.0002953675166442686
vertical,375,0.00033649073030072544
vertical,376,0.000636123513439497
vertical,377,0.005867337801383689
vertical,378,-0.002490776613972158
vertical,379,-0.00032787340565555934
vertical,380,-0.0009048345316683556
vertical,381,-0.0004347371363889076
vertical,382,-0.0007156341625995067
vertical,383,-0.0008208588741113404
vertical,384,-0.0018283757630705986
vertical,385,7.670500242265392e-05
vertical,386,0.00013148070176639723
vertical,387,-3.30822665480006e-05
vertical,388,-5.3265368010371836e-05
vertical,389,0.0015760518598626715
vertical,390,-0.0004591481340735648
vertical,391,0.0012604337459131926
vertical,392,0.000760257350335178
vertical,393,-0.0003652409596920126
vertical,394,8.972192881588544e-07
vertical,395,-0.00032505474006608385
vertical,396,-0.00032519873459538134
vertical,397,0.0004916079940628558
vertical,398,-0.0009942949713121643
vertical,399,-0.00021561338923228635
vertical,400,-0.0009979139209901032
vertical,401,0.00032722947311236483
vertical,402,0.001145615135450871
vertical,403,-8.477262049035457e-05
vertical,404,9.929806233052507e-05
vertical,405,-0.0012774954731169471
vertical,406,8.371727138545404e-05
vertical,407,0.00047530983415074765
vertical,408,2.724715799615743e-05
vertical,409,-0.00011695598651953755
vertical,410,0.0018498003295784014
vertical,411,-0.0004852479923491877
vertical,412,-0.00032815848667064253
vertical,413,0.0009822727226658089
vertical,414,-4.932247708974059e-05
vertical,415,-0.001990246280074023
vertical,416,0.0014286194111673717
vertical,417,0.0005330326310794802
vertical,418,0.0004708703372354546
vertical,419,-0.00019630377911384133
vertical,420,-0.0004523076668334264
vertical,421,-0.000647581908654307
vertical,422,-0.00015970605846099133
vertical,423,0.0001674601052203551
vertical,424,-0.0004608925887158869
vertical,425,0.00017912447576259977
vertical,426,-0.0005144016250410734
vertical,427,-0.0015045330945989161
vertical,428,-0.0002523375641857689
vertical,429,-0.00035880948386561335
vertical,430,-0.0002701068306639308
vertical,431,0.0004777833180086534
vertical,432,0.0007183548593994655
vertical,433,-0.000180190584186852
vertical,434,-0.000273226183292456
vertical,435,0.0011134752725357854
vertical,436,-0.0007395613001291621
vertical,437,-2.8976206348246112e-05
vertical,438,-0.0009896038955411704
vertical,439,0.003137029913328882
vertical,440,-0.00010840428636093522
vertical,441,-0.000313688692536339
vertical,442,-5.7906976158261974e-06
vertical,443,0.0010357550227303117
vertical,444,5.722778519483501e-06
vertical,445,-0.0011779758053772087
vertical,446,0.0002643041466259753
vertical,447,-0.000876148132977678
vertical,448,-0.0002520544596346477
vertical,449,0.0015421505663376944
vertical,450,0.00031131327606228937
vertical,451,-0.0008344728120687249
vertical,452,0.0008149064463835259
vertical,453,-0.0021526453400095217
vertical,454,-0.0007302996662407293
vertical,455,-0.0005968612516195089
vertical,456,-0.0005939998365666531
vertical,457,-0.0011057265022475368
vertical,458,6.414815503184483e-05
vertical,459,1.3915808999085582e-05
vertical,460,-0.001037485227247101
vertical,461,0.0005474214084402305
vertical,462,0.0006156884153175803
vertical,463,-9.617948818334309e-05
vertical,464,-0.00021246092135163432
vertical,465,9.12456245367737e-06
vertical,466,-6.589260774827392e-06
vertical,467,0.0005458656967300786
vertical,468,1.4063310327361794e-05
vertical,469,0.0008938037193396127
vertical,470,0.0006786194713762531
vertical,471,-0.0002956271779057455
vertical,472,-4.017077315720368e-05
vertical,473,-0.0005751220219073035
vertical,474,0.00021700370081647474
vertical,475,0.0020093830606179724
vertical,476,-0.0001411931184752662
vertical,477,7.748435630768719e-05
vertical,478,-0.0002171360159503826
vertical,479,-0.0008294550998560065
vertical,480,-0.00012087068901980202
vertical,481,0.0004187496898403815
vertical,482,-0.00019745709860141247
vertical,483,2.5449023782108874e-06
vertical,484,-0.0006036162756485879
vertical,485,-8.86507364774061e-06
vertical,486,0.000688164131718996
vertical,487,-0.0005413803264814443
vertical,488,6.716686114813883e-05
vertical,489,0.0002915337810538624
vertical,490,-0.0001952244088716693
vertical,491,-0.0015964768795707959
vertical,492,-0.0013458959611952611
vertical,493,-0.00125792077464841
vertical,494,-0.0006222602067548627
vertical,495,-0.0001434618723379767
vertical,496,-0.000500480214335473
vertical,497,-0.000469110866354885
vertical,498,-0.0003701986683242154
vertical,499,0.0004198771978442574
combined,0,0.00035228814539078017
combined,1,0.0003788049484631518
combined,2,-0.0025684882099117614
combined,3,-0.0019505734683153966
combined,4,-0.001208413927275148
combined,5,0.00014509046230128884
combined,6,-0.0016377724253901335
combined,7,-0.000683308039985608
combined,8,0.002425209644550292
combined,9,0.0010860783443809752
combined,10,0.000992184879399553
combined,11,0.00018896461038885948
combined,12,-0.003938665659528676
combined,13,-0.0005333450411778419
combined,14,-0.0013490448499930575
combined,15,7.941277092229668e-05
combined,16,-0.00029596423615557346
combined,17,-0.00019668471907989874
combined,18,-0.0007083708677911182
combined,19,0.0005104475542791658
combined,20,-0.0008500680202446897
combined,21,-0.0008110397922312877
combined,22,-8.042143927931719e-06
combined,23,-0.0014525838324284173
combined,24,-0.0018522732231214221
combined,25,-0.0007814377570737416
combined,26,0.000310709099422886
combined,27,-0.0007651741268476272
combined,28,0.001704526176187229
combined,29,-0.002225582901491495
combined,30,0.0011187048340212116
combined,31,0.00044464601278347365
combined,32,0.0011851861479414002
combined,33,0.0004685175857341104
combined,34,0.001056265804455332
combined,35,0.0005158245108047106
combined,36,-0.0012858200791433696
combined,37,0.0010288544426041977
combined,38,-0.0019107373053612437
combined,39,0.0004318046305579879
combined,40,-1.0571412880290576e-05
combined,41,-0.0010343469712927314
combined,42,0.0012927318852560214
combined,43,0.002029343903673829
combined,44,0.0005408205055840648
combined,45,0.00031096130532024175
combined,46,-0.0010688718478962633
combined,47,0.0004893671943561819
combined,48,-0.006021822793891246
combined,49,-0.0006975689668944079
combined,50,3.0713283396734494e-05
combined,51,-0.002010749611626592
combined,52,0.00034194217319177177
combined,53,0.0004785118939010386
combined,54,-0.00017666759798508228
combined,55,0.0005880475667633138
combined,56,-0.0007343767187516174
combined,57,0.002431242317987272
combined,58,-0.00022401188942211225
combined,59,-0.001562882535907445
combined,60,-0.0008791298590874438
combined,61,-0.0025566461634431827
combined,62,0.00015220476626428908
combined,63,-0.000523108047466265
combined,64,0.0004812413186642226
combined,65,-0.00017430343793979722
combined,66,0.0004726849447961952
combined,67,-0.001177246826745049
combined,68,-0.0008318818883346735
combined,69,8.555239589584671e-06
combined,70,0.0010571634718725708
combined,71,0.0007654678558833009
combined,72,0.000997068972124291
combined,73,-0.0004079066781590788
combined,74,-0.0001983078539624718
combined,75,0.0017452317050460939
combined,76,-0.001708119744138865
combined,77,-0.00018349163716179008
combined,78,-0.0005250247235907286
combined,79,-0.0027845607246606485
combined,80,-0.0003348650361800681
combined,81,-0.00020962556064148215
combined,82,6.94280746756189e-05
combined,83,-0.00015435924899549205
combined,84,0.0005481713739249546
combined,85,-0.0012552394237591098
combined,86,4.933752493274711e-06
combined,87,-0.00039474848610140706
combined,88,0.00010275275592305619
combined,89,0.0013990552899217188
combined,90,-5.4414987886974736e-05
combined,91,-0.0010901546400583844
combined,92,0.00102797235114542
combined,93,-0.0008440332480502365
combined,94,-0.0005115052931739614
combined,95,0.0004372944273904265
combined,96,-0.0007924585145320038
combined,97,0.0002881230982191836
combined,98,-0.0013902448711220908
combined,99,-0.0007627384167454813
combined,100,-0.0013269287847627411
combined,101,-0.0023325242225791347
combined,102,0.0020815450300360632
combined,103,-0.0008771894298541915
combined,104,-0.0011925842092209505
combined,105,-0.0005392454551024831
combined,106,-0.0014718379708123842
combined,107,-0.0012811359799293942
combined,108,-0.00036175613649436537
combined,109,-0.0015117722900146922
combined,110,-0.0004960783223166474
combined,111,-0.0008553628204931226
combined,112,0.0007679156899315094
combined,113,-0.00014978173759322113
combined,114,-0.0006094477173828173
combined,115,-0.0017124650687855355
combined,116,0.0016666179826092368
combined,117,0.00041973786788768327
combined,118,-0.0020044112377331155
combined,119,-0.0019173273887320868
combined,120,-0.0013622673574927354
combined,121,-0.00019716162989628417
combined,122,-0.001024372197974322
combined,123,0.0007342790717377316
combined,124,-0.0008700515298644042
combined,125,-0.00181350016650887
combined,126,-0.0018969133113185765
combined,127,0.0013333508957367687
combined,128,-0.0010981915528079631
combined,129,-0.00013943941417830764
combined,130,-0.0001997094242193168
combined,131,0.00015706567682618187
combined,132,-0.0005534314386001064
combined,133,-0.00010783144491883018
combined,134,-0.0017127733920737466
combined,135,-1.4337764859645829e-05
combined,136,-0.00023193592666585015
combined,137,-0.0012990841945779213
combined,138,0.0004066933014466477
combined,139,-0.0004518692356533408
combined,140,-0.0009992820105984754
combined,141,0.0004638119198136862
combined,142,-0.0014122820813427612
combined,143,0.0012825292048684804
combined,144,-0.0014675142959204043
combined,145,-0.0006644496518349038
combined,146,0.0011101067379383598
combined,147,-0.0015039140745616141
combined,148,-0.0010406285097422398
combined,149,-0.0016555407951923536
combined,150,-0.0004779743647992849
combined,151,0.00033168344972968946
combined,152,-0.001722497497314549
combined,153,-0.0005142919067792592
combined,154,-0.0006370167474261538
combined,155,0.000872862730186251
combined,156,-0.0023259186092560715
combined,157,0.00030613849991922826
combined,158,0.0008082485160326245
combined,159,0.0006068464919014349
combined,160,-0.0012519932066641015
combined,161,-0.0005546693353598056
combined,162,-8.182262812110235e-05
combined,163,-0.00083843180827065
combined,164,0.0016413382477086873
combined,165,-0.001990586706733551
combined,166,-3.2810267412207184e-05
combined,167,0.0006630832519366059
combined,168,-0.001448997464484205
combined,169,-0.0018548686214172449
combined,170,-0.0020578738845856946
combined,171,0.0005667369468475804
combined,172,-0.0007360181256744266
combined,173,-0.0012467696748346539
combined,174,-0.0008995409352099421
combined,175,7.223222518126275e-05
combined,176,0.0016779534703460007
combined,177,-0.00024200949428340534
combined,178,-0.00028196129482105256
combined,179,-0.001564273949417711
combined,180,0.001969763253540694
combined,181,0.0021322403458836747
combined,182,0.004466456778531002
combined,183,-1.1735868226860383e-05
combined,184,0.0010660105542859952
combined,185,0.00020055841226078393
combined,186,-0.00022159285274872848
combined,187,-0.0016083191177702657
combined,188,0.0002466990511495
combined,189,-0.001458501939731918
combined,190,-0.0009330042767372823
combined,191,-0.0006969690648406118
combined,192,0.0014593661614518653
combined,193,0.0010454466152318342
combined,194,-0.0012751824945606942
combined,195,-0.00031878976959410517
combined,196,-5.324006947193669e-05
combined,197,0.0030594290343889897
combined,198,-0.0015007377178507767
combined,199,-0.00019853256773732635
combined,200,-0.0005354725690733457
combined,201,-0.001060684033456434
combined,202,-0.0013348176732351747
combined,203,-0.0022116850340355198
combined,204,-0.0007481914067137361
combined,205,-0.0012782746176709706
combined,206,-0.00037506431127728497
combined,207,0.00029003700388073497
combined,208,-0.00017108797571359843
combined,209,-0.0008599592190382974
combined,210,-0.0004919943842697386
combined,211,-0.003269351859093486
combined,212,-0.0012190596216351036
combined,213,-0.0005576127754935968
combined,214,-0.0007341268405661498
combined,215,0.002251888554115242
combined,216,0.00012217642287506888
combined,217,-1.7897524879538333e-05
combined,218,-0.0007479242871324329
combined,219,-0.0005476730245381516
combined,220,-0.00019488850818022592
combined,221,0.0009543333222540404
combined,222,0.0014992325241293123
combined,223,-0.0003922492498229967
combined,224,0.006722107222177738
combined,225,-0.0010897573890385794
combined,226,0.001091418129643417
combined,227,0.001021036653170132
combined,228,-0.0010152537673782532
combined,229,-9.07356511465826e-05
combined,230,0.0024568753888299247
combined,231,-0.0016563895238367661
combined,232,8.106131929686373e-05
combined,233,0.00024134762063450754
combined,234,-0.000991016962823484
combined,235,-0.0014576362628408537
combined,236,-0.0008758906943111585
combined,237,-0.0008582430109169779
combined,238,0.0004892255614322649
combined,239,-0.0017665076697448313
combined,240,0.0014239541280480134
combined,241,0.0011223563759796087
combined,242,0.0004285718558236579
combined,243,-0.00022683842437102458
combined,244,-0.0010373424360075136
combined,245,-0.0010894933169435354
combined,246,0.0018099331569500767
combined,247,-0.0004011894148527608
combined,248,2.9974744763258763e-06
combined,249,-0.0011461386957085408
combined,250,-0.00024029016119333382
combined,251,-0.0004902321328253137
combined,252,-0.00023499250365115158
combined,253,-0.001986858582884565
combined,254,0.00031056870968685426
combined,255,0.0008582169449211105
combined,256,7.011843476665369e-06
combined,257,-0.0009218712945051227
combined,258,-0.0014885605298405667
combined,259,6.405022949944599e-05
combined,260,0.00016766579665423087
combined,261,-0.00021977276367722136
combined,262,-0.0007388400279527622
combined,263,-4.25641876054422e-05
combined,264,-0.00012841006133140697
combined,265,-3.174183775436648e-06
combined,266,-0.0012835134294314023
combined,267,0.0007316210575451399
combined,268,-0.00067878844100535
combined,269,-0.0020539357011811117
combined,270,-0.0013762977071960344
combined,271,0.00019379940156374613
combined,272,-0.0012220625360240746
combined,273,-0.000481912006148358
combined,274,0.00027762586050731887
combined,275,-0.0007310889332580421
combined,276,-0.0001727164281167352
combined,277,-0.00034456099996903514
combined,278,-0.0018731128828383715
combined,279,-0.0006655384866047275
combined,280,0.0016377541072729108
combined,281,0.0004763376431215694
combined,282,0.000850453252336257
combined,283,-0.0005017557227228314
combined,284,-0.0011085676025054904
combined,285,0.001418511323444136
combined,286,0.0011001459625159065
combined,287,0.0016716838350320433
combined,288,0.0005755143056370522
combined,289,-0.0005352590301036402
combined,290,0.0004095499931845713
combined,291,0.0022697243325932844
combined,292,-0.0012910123954067375
combined,293,-0.0007356962359049385
combined,294,-0.0011597566788856166
combined,295,-0.0002848314454683802
combined,296,-0.0006637432258401036
combined,297,-0.00106916130529316
combined,298,0.002778812392679461
combined,299,-3.637869378944299e-05
combined,300,-0.0003786879157760787
combined,301,0.0041803390035867125
combined,302,2.4881073195768302e-05
combined,303,-0.00015597534081163026
combined,304,0.0008134802247675156
combined,305,0.0006872397674860045
combined,306,-0.0015048266029287572
combined,307,0.0001807355452932617
combined,308,-0.0008447921052063161
combined,309,0.0021870911334929684
combined,310,-0.00027880010855068407
combined,311,-0.001062002261920979
combined,312,-0.0005482879389750648
combined,313,-0.00032335727015252755
combined,314,0.0005667651204714143
combined,315,-0.0002487202361506174
combined,316,-0.0003773871325584412
combined,317,-0.0009085483544038499
combined,318,-0.002344759727716584
combined,319,-0.000671155036976491
combined,320,-0.0007706635922975639
combined,321,0.0001338806464408137
combined,322,-0.0014397701821452977
combined,323,-0.0008572097164016744
combined,324,0.001148328973658835
combined,325,0.004669511982065734
combined,326,-0.001026124202552865
combined,327,0.0005990102158227788
combined,328,-0.00046183947712180064
combined,329,0.0021289131926176606
combined,330,-0.000328698306210959
combined,331,-0.004052830127073625
combined,332,-2.6068801850154494e-05
combined,333,0.0007168467950043436
combined,334,-0.0010081170530134346
combined,335,0.00021976014157531828
combined,336,-0.0015741215468772147
combined,337,0.0015356710930698129
combined,338,7.092663079108106e-05
combined,339,-0.0008316979717447186
combined,340,-0.0006482433463007589
combined,341,-0.000566800976718811
combined,342,-0.0008574123403401182
combined,343,-0.0004063330982471462
combined,344,-0.0009859400202856384
combined,345,-0.0006340281993537547
combined,346,0.0015049087002089543
combined,347,0.0011506898404368094
combined,348,-0.0021006827840595508
combined,349,0.002257564354093632
combined,350,-0.00021927168099818625
combined,351,-0.0003269830541471524
combined,352,6.577342341045689e-05
combined,353,-0.0014550143587572454
combined,354,0.002574351538590409
combined,355,4.939473726070003e-05
combined,356,0.00013627384189044908
combined,357,0.0003134115581104021
combined,358,0.0004918953063338835
combined,359,-0.001056812620034303
combined,360,-0.0002711420335905234
combined,361,-0.0004099006954734677
combined,362,-0.0030205446542875495
combined,363,0.0001682382050586288
combined,364,-0.000825011767523224
combined,365,0.0017642564026591656
combined,366,-0.0020337087958388705
combined,367,0.0019392596718423817
combined,368,-0.00030783663933984053
combined,369,0.00025137114125280125
combined,370,-0.0005109831158857664
combined,371,-0.0009788637173636038
combined,372,-0.0006624360333338996
combined,373,0.00022842446540336707
combined,374,-0.0010103025373716338
combined,375,-0.0015361947825203014
combined,376,0.00013925965905589054
combined,377,0.005755888491222003
combined,378,-0.00180461728359737
combined,379,-0.0008972368347519185
combined,380,-0.0012495450304413416
combined,381,-0.0017800794481959768
combined,382,-0.0019050365927635667
combined,383,-0.001824505055975736
combined,384,-0.002613634794908678
combined,385,0.0024552624545278673
combined,386,-0.00020934304308020473
combined,387,-0.00047048312359459273
combined,388,-0.0003397498612366055
combined,389,0.0012209552245973452
combined,390,-0.001616528922116584
combined,391,0.000993297918490559
combined,392,0.00107767387151018
combined,393,0.0008913676606105698
combined,394,-0.0008606741291340234
combined,395,7.541709962606883e-05
combined,396,-0.0010918481806158006
combined,397,0.00039589110583738746
combined,398,-0.001193130037188425
combined,399,0.0010215988186472352
combined,400,-0.0008351882802469125
combined,401,-0.0005178572830857976
combined,402,0.001002394335494557
combined,403,-0.0013314539310264
combined,404,-0.001797347339391725
combined,405,-0.0017416852752951389
combined,406,-0.0010933272119425144
combined,407,-0.00027675786462442775
combined,408,-0.0012068389200588976
combined,409,-0.0008213624359153425
combined,410,0.0011494165623799628
combined,411,-0.0008025411128851797
combined,412,0.0001668866367103666
combined,413,0.0032092048811253005
combined,414,-0.0016810236676091893
combined,415,0.000837545992395855
combined,416,0.001762756688608263
combined,417,0.0026578083511253655
combined,418,-0.00042496159976327855
combined,419,-0.0034002456606057343
combined,420,-0.0004252725802433022
combined,421,-0.0010070766789950253
combined,422,-0.0007371807535269367
combined,423,0.0001242951345322281
combined,424,0.0009288291567008603
combined,425,-0.0006107230149141092
combined,426,-0.0009390982590065947
combined,427,-0.0020765982577445733
combined,428,-0.0009288602866451697
combined,429,0.00036780084027447586
combined,430,-4.680799966161884e-05
combined,431,0.0005647885718816515
combined,432,0.0005427050869940249
combined,433,-8.011073687305917e-05
combined,434,-0.0004098030777402443
combined,435,0.0005669554686700923
combined,436,0.00016481356966794057
combined,437,-0.0005745733134078656
combined,438,-0.00413374470027035
combined,439,0.003155510734354899
combined,440,-0.001145324569438903
combined,441,-0.0010121793624327938
combined,442,0.0014112459992641016
combined,443,0.00025556213119151217
combined,444,-0.0007944461737566509
combined,445,-0.003628443507850912
combined,446,-0.00022736665750096622
combined,447,-0.002773823728134763
combined,448,0.0013629388935043503
combined,449,0.0007160923346669899
combined,450,-0.0022553113225170472
combined,451,-0.0017691642450090718
combined,452,-0.0017716287187392785
combined,453,-5.914432069009521e-05
combined,454,-0.0015502955744339224
combined,455,-0.0007288342887807042
combined,456,-0.0004937682619754402
combined,457,-0.003142301937845881
combined,458,-0.0003171446170000999
combined,459,-0.0006683159099011621
combined,460,-0.0004097618711223008
combined,461,0.0005721189531038317
combined,462,-0.00017831027753084763
combined,463,0.0007835050692953439
combined,464,-0.0005407019531087181
combined,465,0.00043940830939662666
combined,466,-0.00028789691543126285
combined,467,0.00047065359849860036
combined,468,-0.001646268073709154
combined,469,0.0004703189228360596
combined,470,0.000596715649030127
combined,471,0.00026860352827654525
combined,472,-8.349849485525946e-05
combined,473,-0.0006809057457764254
combined,474,0.00011960496537647363
combined,475,0.00019910988994911727
combined,476,-0.0006550379873699324
combined,477,-0.0010768755630249024
combined,478,-0.0008477381201948211
combined,479,-0.0018471106222872986
combined,480,8.406876309345324e-05
combined,481,-0.0005768178782173506
combined,482,-0.0009506352568024062
combined,483,0.0003495539830320705
combined,484,0.00022164933750699921
combined,485,-1.5648468678807268e-06
combined,486,0.0005349212853444708
combined,487,7.569816269700107e-05
combined,488,-0.0005282080254159834
combined,489,-0.0006701809692622317
combined,490,-0.0013258969197758076
combined,491,-0.003958096329683601
combined,492,0.0010142754246345582
combined,493,0.0013057162506738256
combined,494,0.00011802681818612361
combined,495,0.00024385208613200384
combined,496,0.0006304497686443272
combined,497,-0.002381861240366937
combined,498,-0.00055543843705483
combined,499,-0.0007085092435194314
